participant_id,age,gender,group,education,sleep_hours,stress_level,reaction_time_ms,memory_score,attention_score,session_date,city
707,30,kobieta,eksperymentalna,mgr,7.5,8,597.3,,"59,4",2025-11-10,Gdansk
975,19,mezczyzna,Kontrolna,mgr,5.6,3,"565,4",65.7,57.6,08-11-2025,Szczecin
282,34,F,EKSPERYMENTALNA,doktorat,4.0,8,"628,3","70,8",71.0,06-11-2025,Krakow
387,20,K,kontrolna,lic,7.3,5,"562,2","83,0",64.7,31-10-2025,Lublin
262,33,K,eksperymentalna,mgr,8.2,1,630.5,82.9,"91,6",2025-10-19,Gdansk
811,32,K,eksperymentalna,lic,7.4,9,577.6,"70,4",63.0,2025-11-04,Gdansk
263,22,Male,Eksperymentalna,licencjat,,10,646.6,54.5,42.3,26-11-2025,Warszawa
697,27,M,kontrolna,magister,7.1,7,586.1,63.7,"70,4",2025-10-29,Krakow
14,37,kobieta,kontrolna,licencjat,8.0,9,603.8,71.6,58.4,2025/10/23,Warszawa
293,38,mezczyzna,eksperymentalna,srednie,8.6,3,619.7,87.1,59.8,2025/10/24,Warszawa
590,21,K,EKSPERYMENTALNA,doktorat,4.8,2,"474,3",62.7,"85,9",2025/10/30,Poznan
275,25,K,kontrolna,doktorat,7.5,9,"417,5","66,6",69.2,05-12-2025,Warszawa
721,36,F,Kontrolna,mgr,8.2,7,597.9,"78,9",72.0,2025-10-10,Lublin
210,30,mezczyzna,kontrolna,licencjat,4.1,3,639.4,"83,2",66.7,2025-11-12,Gdansk
444,21,F,eksperymentalna,mgr,8.0,7,664.6,82.3,94.8,2025/11/25,Lodz
372,31,mezczyzna,eksperymentalna,magister,7.3,.,659.7,70.7,92.8,2025-12-17,Warszawa
375,23,mezczyzna,kontrolna,magister,7.5,9,537.1,63.3,67.7,2025-10-11,Lodz
20,34,M,eksperymentalna,srednie,9.3,7,699.2,"78,3",77.7,2025-10-14,Warszawa
168,39,Male,kontrolna,lic,7.1,3,721.1,62.1,73.9,2025/12/19,Gdansk
492,23,kobieta,Eksperymentalna,mgr,7.7,3,547.5,"61,2",50.5,2025/10/15,Lodz
956,35,kobieta,eksperymentalna,lic,8.9,1,"485,4","100,0","87,8",16-10-2025,Wroclaw
943,35,K,eksperymentalna,licencjat,8.1,1,586.2,"54,7",55.7,11-11-2025,Krakow
82,30,kobieta,KONTROLNA,lic,5.2,10,687.5,78.8,"52,0",06-10-2025,Warszawa
62,24,kobieta,Eksperymentalna,licencjat,7.0,1,"594,8",59.1,100.0,2025/12/12,Szczecin
360,29,K,KONTROLNA,lic,6.6,9,"515,3","57,1",47.5,2025-10-22,Wroclaw
547,33,F,kontrolna,srednie,7.3,6,763.6,,74.0,27-10-2025,Warszawa
140,36,K,EKSPERYMENTALNA,lic,4.0,8,517.6,"47,8",31.2,2025-12-06,Krakow
208,19,Male,kontrolna,srednie,4.7,.,463.6,51.4,73.6,08-11-2025,Wroclaw
800,41,K,eksperymentalna,mgr,6.9,999,743.6,67.8,"80,2",2025/11/10,Warszawa
748,36,Male,kontrolna,licencjat,9.1,9,669.8,49.9,"54,4",04-10-2025,Gdansk
6,32,Male,kontrolna,licencjat,9.3,3,"617,7",89.6,65.1,2025/11/04,Lodz
631,44,F,eksperymentalna,doktorat,8.4,999,644.1,48.6,"74,7",2025-12-13,Warszawa
856,39,mezczyzna,kontrolna,lic,8.2,4,642.9,70.5,"69,3",2025-12-16,Poznan
278,27,K,Eksperymentalna,mgr,5.7,10,438.6,63.0,71.0,2025/11/23,Gdansk
369,36,M,Eksperymentalna,lic,5.3,1,2085.0,78.7,68.5,2025/10/31,Poznan
345,39,M,kontrolna,srednie,7.0,7,"385,7",60.1,46.8,24-10-2025,Lublin
388,26,K,kontrolna,doktorat,7.8,999,716.1,"88,1",69.2,2025-11-10,Lodz
964,33,kobieta,eksperymentalna,lic,4.9,1,"518,9",68.8,63.7,2025-10-18,Lublin
549,23,M,kontrolna,magister,NA,7,590.0,78.1,55.8,13-12-2025,Lublin
548,24,K,eksperymentalna,srednie,5.2,10,600.3,"45,2",46.6,04-11-2025,Poznan
231,43,M,eksperymentalna,magister,6.4,1,493.7,"73,6",59.6,21-10-2025,Poznan
679,30,Male,eksperymentalna,srednie,8.1,8,497.3,55.0,66.3,2025/10/22,Poznan
826,35,mezczyzna,Eksperymentalna,licencjat,6.6,6,"415,7",70.8,76.3,2025-11-21,Wroclaw
852,42,mezczyzna,KONTROLNA,srednie,7.7,6,606.0,64.7,53.1,2025-11-04,Warszawa
769,37,K,eksperymentalna,licencjat,5.9,2,"578,9","62,2",70.2,2025/11/11,Szczecin
277,39,mezczyzna,eksperymentalna,lic,,6,549.0,79.4,40.4,2025/11/19,Poznan
849,27,M,kontrolna,licencjat,8.4,7,595.1,"79,9",66.0,2025/12/08,Poznan
559,27,Male,eksperymentalna,doktorat,6.0,9,477.3,66.6,"54,8",2025/12/19,Wroclaw
441,32,K,EKSPERYMENTALNA,magister,4.5,6,571.7,"75,9",56.6,2025-11-18,Lublin
498,26,kobieta,kontrolna,mgr,5.3,6,692.1,58.7,54.8,2025-11-29,Gdansk
279,40,M,Eksperymentalna,lic,NA,10,568.0,"72,9",80.6,2025-10-23,Warszawa
356,41,M,KONTROLNA,mgr,5.9,1,516.3,"66,3",76.3,2025/11/18,Lodz
488,37,F,kontrolna,magister,9.3,6,"481,9",97.4,"51,8",10-11-2025,Gdansk
781,31,mezczyzna,kontrolna,lic,8.0,2,"595,0","80,2",90.3,2025-10-08,Poznan
825,30,Male,KONTROLNA,srednie,8.3,2,1607.2,76.6,83.7,21-10-2025,Gdansk
389,38,kobieta,eksperymentalna,licencjat,6.6,2,435.5,43.7,79.2,18-11-2025,Wroclaw
722,20,M,eksperymentalna,licencjat,7.0,7,"560,6","55,4","66,6",2025-12-10,Gdansk
902,21,kobieta,KONTROLNA,magister,5.7,999,482.0,"67,4","83,6",2025/11/18,Poznan
342,21,M,kontrolna,mgr,8.4,4,641.9,77.9,63.8,2025/12/04,Poznan
713,38,mezczyzna,eksperymentalna,licencjat,7.2,4,406.5,67.9,"60,5",2025/12/03,Warszawa
237,24,K,kontrolna,magister,9.1,1,547.7,65.1,76.6,2025/12/20,Lodz
733,21,Male,EKSPERYMENTALNA,srednie,6.4,3,511.2,74.9,63.7,2025/11/15,Warszawa
536,29,F,eksperymentalna,mgr,5.3,6,601.8,43.4,69.4,08-11-2025,Warszawa
491,22,M,Eksperymentalna,licencjat,8.5,8,486.8,64.4,79.7,2025/10/12,Wroclaw
80,42,F,eksperymentalna,magister,6.1,1,414.8,76.5,73.6,10-12-2025,Szczecin
207,41,M,kontrolna,lic,4.2,999,687.8,,60.9,2025/10/10,Gdansk
557,36,M,kontrolna,lic,7.3,10,"631,3","52,1",61.3,2025/11/16,Wroclaw
535,27,K,KONTROLNA,magister,6.3,10,582.6,70.2,43.7,2025-12-08,Poznan
146,26,Male,Eksperymentalna,mgr,8.8,6,491.2,77.1,"70,6",2025-10-20,Warszawa
29,37,M,Kontrolna,mgr,7.9,1,"629,8","61,8","85,1",2025-11-16,Gdansk
758,39,F,kontrolna,lic,7.8,6,639.6,62.6,68.7,2025-11-01,Szczecin
920,30,F,EKSPERYMENTALNA,doktorat,NA,3,632.3,84.9,"67,9",20-10-2025,Lublin
128,34,F,EKSPERYMENTALNA,lic,5.9,9,529.5,56.5,62.0,2025-11-30,Krakow
695,24,F,eksperymentalna,magister,8.0,.,"458,3",62.9,61.1,2025/10/11,Gdansk
714,42,mezczyzna,EKSPERYMENTALNA,mgr,6.3,8,"634,6",43.9,59.2,2025-10-22,Lublin
662,40,kobieta,kontrolna,magister,7.9,6,"547,4",73.3,71.6,2025/10/21,Gdansk
502,40,K,eksperymentalna,lic,5.6,10,578.9,"72,0",46.8,2025/10/13,Krakow
213,43,M,eksperymentalna,doktorat,5.8,9,453.0,55.0,61.6,2025/12/06,Warszawa
166,32,M,Eksperymentalna,srednie,5.4,3,"694,6",91.5,"74,6",2025-12-16,Wroclaw
720,30,kobieta,kontrolna,lic,9.7,7,755.9,90.3,63.0,2025/12/17,Lublin
257,21,mezczyzna,eksperymentalna,srednie,4.6,3,607.1,48.6,68.3,10-10-2025,Lublin
173,36,K,Eksperymentalna,mgr,8.4,5,"662,1",64.8,91.6,06-10-2025,Poznan
251,34,Male,Kontrolna,lic,5.5,8,542.0,"44,9","50,1",2025-10-02,Lodz
49,34,mezczyzna,EKSPERYMENTALNA,licencjat,6.4,.,1144.2,62.7,67.3,2025/11/17,Wroclaw
191,41,mezczyzna,kontrolna,magister,4.9,,"366,3",57.9,63.7,2025-10-01,Gdansk
310,38,mezczyzna,KONTROLNA,licencjat,9.7,10,567.7,"71,9",81.2,2025/10/10,Lodz
366,22,F,kontrolna,magister,4.1,3,634.6,87.1,75.4,02-11-2025,Wroclaw
494,24,F,Eksperymentalna,mgr,6.1,9,537.2,67.1,64.1,2025-11-27,Lublin
123,32,Male,kontrolna,mgr,8.3,8,478.1,62.8,"51,3",08-12-2025,Gdansk
676,18,Male,kontrolna,lic,4.8,9,635.9,53.4,46.6,2025/10/26,Szczecin
804,40,K,kontrolna,licencjat,5.6,5,484.2,58.2,70.7,05-12-2025,Lublin
626,35,kobieta,kontrolna,licencjat,8.1,4,559.3,55.4,"65,0",18-10-2025,Warszawa
407,22,mezczyzna,eksperymentalna,mgr,5.3,5,439.4,"69,0","67,4",2025-10-10,Gdansk
912,34,Male,eksperymentalna,mgr,6.0,5,496.1,66.3,"73,5",13-12-2025,Warszawa
226,29,M,kontrolna,licencjat,4.6,4,"659,8",52.5,55.0,2025-12-05,Poznan
370,35,M,eksperymentalna,doktorat,4.8,,278.8,39.7,43.1,2025/10/20,Krakow
23,40,F,eksperymentalna,licencjat,5.3,7,481.2,71.0,59.6,2025-11-08,Wroclaw
25,40,F,KONTROLNA,lic,8.7,5,467.6,87.5,79.7,2025-11-11,Szczecin
725,40,Male,eksperymentalna,licencjat,5.4,10,430.1,40.9,71.8,2025/11/24,Szczecin
605,38,F,eksperymentalna,doktorat,9.5,1,"606,5","70,9",79.3,15-11-2025,Krakow
115,35,Male,eksperymentalna,lic,6.5,6,521.6,62.8,48.0,2025/11/01,Krakow
495,21,Male,kontrolna,srednie,4.7,9,712.5,53.6,50.2,18-10-2025,Wroclaw
698,20,kobieta,Kontrolna,mgr,9.6,6,646.3,"92,6",75.4,2025/12/07,Warszawa
934,19,M,EKSPERYMENTALNA,licencjat,6.3,3,600.3,59.8,70.9,28-10-2025,Lublin
851,19,M,eksperymentalna,mgr,5.8,6,547.2,59.9,57.5,2025/12/08,Wroclaw
532,41,K,EKSPERYMENTALNA,licencjat,4.4,5,499.6,63.3,64.2,2025-11-03,Krakow
219,22,Male,eksperymentalna,lic,4.0,3,711.5,56.3,"58,0",17-10-2025,Krakow
738,43,K,eksperymentalna,lic,8.2,10,"649,9",65.6,71.9,01-11-2025,Lublin
476,41,M,Kontrolna,doktorat,8.3,3,533.1,62.8,75.8,2025-10-17,Lublin
806,39,K,kontrolna,mgr,5.2,8,489.2,60.0,"50,0",2025/12/03,Warszawa
684,41,M,kontrolna,doktorat,4.2,10,683.8,56.7,43.0,2025/11/16,Krakow
18,36,M,kontrolna,srednie,9.4,5,436.1,59.4,79.8,15-11-2025,Poznan
165,26,kobieta,eksperymentalna,mgr,8.5,5,637.9,67.7,50.8,2025/10/25,Szczecin
295,44,kobieta,eksperymentalna,licencjat,,3,538.3,69.9,63.0,2025/10/21,Gdansk
311,44,Male,kontrolna,doktorat,6.7,8,377.8,65.0,65.2,03-10-2025,Krakow
830,23,F,EKSPERYMENTALNA,doktorat,8.8,6,"533,2",66.5,70.9,18-10-2025,Lodz
167,24,M,eksperymentalna,doktorat,5.4,10,"495,9",47.1,58.4,04-10-2025,Gdansk
812,28,F,eksperymentalna,mgr,5.9,9,306.0,72.8,62.6,18-11-2025,Wroclaw
727,38,Male,kontrolna,licencjat,9.1,9,695.9,"88,3","50,1",2025/10/27,Poznan
77,24,F,eksperymentalna,srednie,9.0,10,613.2,68.0,"68,8",05-12-2025,Gdansk
871,33,Male,KONTROLNA,lic,5.1,8,514.7,43.9,44.2,2025/11/09,Warszawa
291,39,K,EKSPERYMENTALNA,licencjat,8.9,9,"501,5","63,8",77.5,2025/10/05,Szczecin
161,19,mezczyzna,kontrolna,srednie,5.1,2,1886.0,72.5,81.3,26-10-2025,Krakow
132,23,M,eksperymentalna,magister,5.0,8,730.3,67.0,59.5,2025-12-08,Lublin
7,43,F,eksperymentalna,licencjat,8.7,1,396.8,68.3,"81,5",11-10-2025,Warszawa
879,27,F,eksperymentalna,licencjat,8.6,4,566.5,83.9,66.8,2025-11-07,Krakow
341,21,kobieta,KONTROLNA,mgr,8.5,5,"702,1",83.1,72.0,2025/10/14,Lodz
481,43,K,eksperymentalna,srednie,7.4,10,622.8,46.1,63.6,2025/11/11,Warszawa
518,40,M,kontrolna,mgr,5.2,3,"531,0",63.6,55.6,15-12-2025,Wroclaw
112,19,K,kontrolna,mgr,6.7,7,730.2,61.3,54.6,06-11-2025,Gdansk
426,45,mezczyzna,Eksperymentalna,licencjat,6.8,10,673.6,62.2,61.3,2025/11/17,Poznan
159,27,Male,KONTROLNA,lic,4.6,4,651.3,63.4,"62,3",2025/11/09,Warszawa
413,33,kobieta,eksperymentalna,mgr,6.9,7,416.0,79.5,58.7,2025-10-31,Gdansk
877,29,kobieta,eksperymentalna,srednie,5.0,2,426.8,53.9,"82,0",16-12-2025,Warszawa
371,28,kobieta,kontrolna,licencjat,8.8,7,616.0,"71,2",68.6,2025/11/01,Lodz
614,36,Male,Kontrolna,magister,7.1,3,"508,7","90,4",88.1,2025-10-05,Gdansk
285,29,Male,kontrolna,srednie,6.3,9,531.9,60.8,57.9,2025/11/07,Poznan
746,36,mezczyzna,eksperymentalna,licencjat,5.6,1,564.0,69.2,56.3,22-10-2025,Lublin
1000,39,mezczyzna,kontrolna,magister,6.4,7,522.0,74.7,"58,9",01-12-2025,Lodz
782,18,K,kontrolna,licencjat,8.1,1,566.7,75.9,72.6,17-12-2025,Lodz
708,19,M,KONTROLNA,mgr,6.2,2,555.5,63.5,"84,4",02-11-2025,Lodz
543,21,kobieta,kontrolna,srednie,5.7,3,479.3,61.7,54.8,09-10-2025,Lodz
64,33,kobieta,eksperymentalna,srednie,4.6,5,794.8,73.0,61.6,2025-11-12,Lodz
288,45,kobieta,kontrolna,mgr,6.6,6,622.2,"88,0",73.7,2025/11/15,Warszawa
936,20,M,eksperymentalna,doktorat,8.1,10,760.5,"56,8",40.2,02-10-2025,Lublin
16,20,mezczyzna,eksperymentalna,lic,4.5,4,593.6,50.8,67.6,2025/11/15,Wroclaw
303,44,Male,kontrolna,magister,9.5,7,549.5,77.0,75.1,04-10-2025,Szczecin
95,21,M,KONTROLNA,magister,6.2,9,502.7,29.1,"58,8",2025-10-29,Krakow
872,26,kobieta,Kontrolna,doktorat,6.9,7,590.6,40.5,47.8,2025/10/09,Lodz
899,18,Male,KONTROLNA,mgr,8.9,3,518.4,71.7,76.7,2025/11/19,Wroclaw
461,26,K,kontrolna,mgr,8.3,9,558.9,76.0,"62,7",2025/10/09,Szczecin
501,44,M,eksperymentalna,mgr,9.1,1,570.6,"85,2",86.2,23-11-2025,Lodz
832,43,F,kontrolna,doktorat,4.7,1,703.3,69.6,68.3,21-10-2025,Warszawa
603,26,Male,Kontrolna,lic,8.1,10,364.8,50.8,"47,7",2025/11/04,Lodz
873,39,kobieta,kontrolna,magister,6.8,5,"613,3",68.2,"61,0",02-11-2025,Gdansk
619,27,mezczyzna,Eksperymentalna,lic,4.6,8,"683,4",62.6,51.7,25-10-2025,Gdansk
47,24,F,Kontrolna,lic,7.9,4,"602,2",67.7,83.3,2025-11-16,Lodz
467,37,K,EKSPERYMENTALNA,magister,7.5,10,"496,6","77,8",54.1,19-12-2025,Warszawa
157,30,mezczyzna,kontrolna,licencjat,9.4,5,"497,1",.,91.7,2025/11/28,Wroclaw
227,27,K,eksperymentalna,doktorat,7.4,5,374.1,67.4,54.9,2025/11/02,Poznan
709,22,F,Eksperymentalna,doktorat,6.1,5,"475,2","36,4",71.1,02-10-2025,Poznan
617,19,F,eksperymentalna,doktorat,8.3,5,431.4,59.6,53.9,2025/11/20,Warszawa
122,26,F,eksperymentalna,doktorat,7.9,9,530.8,"51,4",48.3,2025-10-18,Wroclaw
270,32,F,eksperymentalna,lic,NA,6,562.5,69.9,66.9,2025/11/16,Lodz
883,21,kobieta,EKSPERYMENTALNA,doktorat,brak,2,528.8,61.3,"68,4",03-11-2025,Lodz
133,30,F,eksperymentalna,srednie,4.1,,353.9,42.1,27.1,2025/11/04,Poznan
657,23,kobieta,kontrolna,srednie,9.6,4,618.4,81.9,"65,0",2025-11-13,Szczecin
661,NA,Male,eksperymentalna,licencjat,8.8,7,"537,0",54.5,67.4,08-10-2025,Krakow
987,20,mezczyzna,eksperymentalna,doktorat,8.8,,547.5,100.0,76.6,28-11-2025,Wroclaw
705,28,Male,kontrolna,doktorat,4.7,5,723.9,62.8,56.3,2025/11/06,Warszawa
454,29,M,eksperymentalna,doktorat,8.7,3,503.7,64.6,"82,1",2025-10-22,Lublin
508,19,K,KONTROLNA,srednie,7.4,3,390.7,71.0,"71,5",2025-10-27,Wroclaw
860,20,K,kontrolna,magister,9.3,7,581.9,83.5,"69,2",2025-10-17,Lublin
818,45,M,Eksperymentalna,lic,7.9,8,"446,4",41.6,"77,4",2025/12/11,Szczecin
479,38,K,eksperymentalna,srednie,7.7,7,538.8,65.0,75.7,2025/10/04,Lodz
10,23,kobieta,EKSPERYMENTALNA,doktorat,,2,"478,5",51.7,70.0,2025-11-10,Lodz
399,39,mezczyzna,kontrolna,doktorat,5.1,4,"584,3",55.1,57.6,24-10-2025,Krakow
763,41,Male,kontrolna,mgr,6.7,10,568.1,52.5,40.7,25-10-2025,Gdansk
225,21,K,eksperymentalna,licencjat,5.3,10,412.4,68.3,57.7,2025-11-22,Wroclaw
914,36,M,kontrolna,lic,7.6,6,587.1,60.5,51.3,11-12-2025,Szczecin
868,23,Male,KONTROLNA,doktorat,9.0,4,452.4,"98,0",73.2,2025/12/19,Wroclaw
307,41,M,kontrolna,lic,9.1,8,478.1,"77,2","43,4",2025/12/05,Szczecin
449,32,F,kontrolna,lic,4.9,2,"651,8","73,3",66.0,2025-12-01,Wroclaw
300,40,mezczyzna,eksperymentalna,mgr,7.1,3,581.3,94.4,72.0,2025-10-16,Gdansk
997,21,kobieta,kontrolna,doktorat,7.7,9,644.9,75.1,"67,3",2025/11/29,Gdansk
328,23,kobieta,eksperymentalna,srednie,6.3,6,571.2,62.9,85.8,2025/12/20,Lublin
306,41,mezczyzna,kontrolna,lic,4.4,1,555.7,70.0,51.5,2025-11-19,Lodz
344,36,mezczyzna,KONTROLNA,srednie,8.6,9,539.9,,54.6,2025/11/22,Poznan
184,24,K,eksperymentalna,lic,9.6,3,566.8,97.1,69.7,2025-10-08,Krakow
787,41,Male,eksperymentalna,magister,6.0,8,475.3,43.7,70.4,2025/10/18,Gdansk
350,35,M,kontrolna,srednie,6.2,8,"492,4",49.5,62.8,2025-11-09,Lublin
484,38,K,EKSPERYMENTALNA,doktorat,5.0,10,630.0,49.6,41.0,2025-12-18,Lodz
759,33,M,Eksperymentalna,magister,6.2,1,"788,7",72.6,74.6,2025/10/09,Wroclaw
34,42,M,Eksperymentalna,mgr,4.5,6,"604,4",,51.7,2025-11-27,Gdansk
690,23,M,eksperymentalna,lic,9.0,7,"667,0",84.6,79.7,04-10-2025,Poznan
903,24,mezczyzna,eksperymentalna,licencjat,5.6,5,537.9,63.1,61.2,08-10-2025,Krakow
643,33,mezczyzna,Kontrolna,doktorat,5.9,3,591.7,78.9,100.0,2025-11-29,Szczecin
292,27,F,kontrolna,licencjat,9.5,7,"553,7",61.0,73.1,06-11-2025,Lublin
729,36,F,Kontrolna,srednie,9.6,7,567.2,54.8,73.3,2025-11-22,Lublin
528,35,kobieta,eksperymentalna,licencjat,6.9,5,549.6,59.0,43.1,14-12-2025,Poznan
147,40,M,kontrolna,licencjat,7.3,8,"484,1",54.9,50.3,07-12-2025,Poznan
416,26,kobieta,Eksperymentalna,doktorat,6.8,8,607.6,64.9,56.5,2025-12-11,Lublin
457,24,Male,eksperymentalna,doktorat,8.7,4,572.5,"49,2",79.8,23-11-2025,Warszawa
329,21,F,eksperymentalna,licencjat,7.1,9,"692,0",41.7,"62,8",2025-12-10,Wroclaw
578,44,mezczyzna,EKSPERYMENTALNA,mgr,7.2,9,388.7,82.9,51.0,2025-11-20,Warszawa
942,42,mezczyzna,eksperymentalna,magister,7.3,1,"658,3",86.8,64.6,2025-12-19,Gdansk
354,30,kobieta,Kontrolna,mgr,brak,7,"575,6",97.7,47.0,2025-10-10,Krakow
999,43,kobieta,eksperymentalna,srednie,4.6,5,"468,4",74.4,50.9,25-10-2025,Szczecin
625,41,mezczyzna,kontrolna,licencjat,5.4,7,355.8,59.8,48.3,16-12-2025,Szczecin
348,26,M,Eksperymentalna,lic,5.7,4,1728.0,,74.1,2025/11/03,Poznan
22,32,F,KONTROLNA,licencjat,8.6,2,416.1,56.6,56.4,2025/12/19,Poznan
681,20,M,Kontrolna,magister,4.4,5,599.0,77.5,47.7,2025/11/03,Szczecin
788,41,K,EKSPERYMENTALNA,lic,6.7,.,"544,7","57,8",83.1,2025-10-10,Lublin
489,39,kobieta,kontrolna,mgr,9.5,6,434.5,80.0,65.6,08-12-2025,Wroclaw
268,26,Male,kontrolna,licencjat,9.1,6,743.7,52.0,80.5,2025-11-29,Szczecin
234,30,M,Kontrolna,licencjat,6.3,8,"619,9","65,0",63.6,04-12-2025,Wroclaw
76,34,Male,kontrolna,doktorat,9.6,4,"508,2",87.2,"78,2",2025-11-21,Szczecin
218,21,mezczyzna,Eksperymentalna,mgr,NA,3,577.0,81.2,61.9,2025-10-28,Szczecin
601,39,kobieta,EKSPERYMENTALNA,lic,5.3,2,719.2,67.5,72.7,2025/11/06,Krakow
180,43,kobieta,eksperymentalna,licencjat,9.3,2,1219.0,78.6,73.0,2025/10/29,Krakow
114,36,mezczyzna,Eksperymentalna,lic,6.7,3,469.0,65.7,"60,5",15-10-2025,Gdansk
790,30,kobieta,eksperymentalna,srednie,9.3,5,648.9,73.6,55.4,2025/10/27,Lublin
990,21,M,eksperymentalna,lic,8.8,2,461.7,88.9,100.0,11-10-2025,Wroclaw
107,19,kobieta,Eksperymentalna,magister,8.6,1,555.2,85.2,74.2,2025-10-26,Lodz
422,21,K,KONTROLNA,lic,4.4,5,455.7,"51,7",62.8,2025/12/18,Gdansk
718,19,kobieta,EKSPERYMENTALNA,licencjat,8.2,7,617.7,"62,5",54.5,2025/11/29,Gdansk
753,35,K,Kontrolna,mgr,5.8,2,432.8,81.0,62.4,2025/11/19,Krakow
749,26,kobieta,kontrolna,magister,,1,541.9,"57,0",71.6,28-10-2025,Krakow
609,22,kobieta,eksperymentalna,srednie,7.3,1,518.8,69.2,57.1,07-10-2025,Warszawa
187,40,K,eksperymentalna,magister,8.1,6,695.9,60.8,76.7,2025/11/27,Warszawa
610,24,mezczyzna,eksperymentalna,srednie,6.2,2,"667,6",61.7,"47,2",2025-12-02,Warszawa
724,36,mezczyzna,eksperymentalna,magister,4.0,8,355.2,55.0,61.4,2025-11-07,Wroclaw
558,36,M,KONTROLNA,mgr,9.6,3,631.2,69.8,77.8,2025/10/19,Lublin
774,37,M,kontrolna,mgr,4.8,8,467.8,61.6,58.9,2025/11/10,Gdansk
273,39,Male,eksperymentalna,magister,4.5,1,587.9,"56,6","81,0",23-11-2025,Lodz
817,31,Male,kontrolna,lic,8.5,9,677.7,55.7,72.2,01-10-2025,Lodz
846,26,Male,kontrolna,doktorat,4.2,2,790.4,68.3,"63,8",2025-12-16,Lublin
568,35,kobieta,eksperymentalna,srednie,7.4,5,463.6,62.3,67.4,2025/12/19,Lodz
127,33,F,KONTROLNA,licencjat,5.6,999,"699,8",64.0,67.1,2025/11/20,Gdansk
663,36,F,kontrolna,doktorat,8.4,5,546.0,68.0,"62,8",06-11-2025,Poznan
258,27,Male,kontrolna,srednie,6.0,9,2087.5,46.5,"53,6",2025-11-26,Gdansk
607,26,Male,KONTROLNA,lic,9.1,5,"635,0","89,0",64.5,2025/10/17,Warszawa
305,33,F,kontrolna,licencjat,8.9,10,648.8,"55,4",52.5,2025/12/04,Wroclaw
29,37,M,Kontrolna,mgr,7.9,1,"629,8","61,8","85,1",2025-11-16,Gdansk
367,41,kobieta,kontrolna,srednie,7.0,9,676.1,"78,3",57.9,2025/11/02,Szczecin
915,32,mezczyzna,eksperymentalna,doktorat,5.5,10,418.1,62.5,55.3,2025-11-11,Gdansk
245,28,F,EKSPERYMENTALNA,doktorat,4.9,10,594.3,43.7,65.5,2025/12/09,Krakow
201,36,Male,kontrolna,mgr,9.3,.,543.6,71.6,61.3,18-10-2025,Krakow
984,24,kobieta,KONTROLNA,lic,8.6,4,"462,2",75.2,68.3,27-10-2025,Krakow
287,36,F,Eksperymentalna,magister,7.1,8,483.4,69.9,39.6,2025-12-15,Warszawa
756,42,kobieta,eksperymentalna,licencjat,9.1,3,563.1,59.7,"93,2",2025/10/29,Lublin
437,28,F,Eksperymentalna,magister,7.5,7,695.1,86.7,67.0,07-10-2025,Lublin
474,31,K,kontrolna,doktorat,7.4,8,583.7,50.0,54.8,2025-12-12,Poznan
320,34,Male,kontrolna,srednie,4.6,3,516.5,68.6,66.5,2025/10/30,Gdansk
971,26,M,eksperymentalna,magister,8.1,6,348.6,67.0,"67,1",2025/11/29,Warszawa
351,21,mezczyzna,kontrolna,mgr,9.6,8,613.5,56.0,79.4,2025/11/24,Warszawa
554,25,F,kontrolna,doktorat,7.0,7,618.8,70.1,"77,5",12-10-2025,Gdansk
924,32,mezczyzna,eksperymentalna,lic,8.9,4,"525,9",69.3,82.2,28-10-2025,Lodz
381,38,Male,kontrolna,srednie,5.0,8,644.5,66.8,"70,7",2025/11/30,Gdansk
463,21,Male,eksperymentalna,doktorat,4.2,3,515.2,65.4,"49,0",2025-10-26,Warszawa
158,24,mezczyzna,kontrolna,srednie,8.6,10,"671,9",72.4,81.3,2025-10-27,Wroclaw
654,40,F,kontrolna,licencjat,6.0,8,1909.5,57.8,"75,4",25-11-2025,Lodz
362,24,Male,kontrolna,mgr,5.3,5,"413,5",71.0,73.9,23-11-2025,Poznan
524,27,kobieta,kontrolna,doktorat,6.3,,546.9,62.2,68.8,2025/11/28,Wroclaw
780,31,M,eksperymentalna,lic,5.9,2,410.1,72.8,69.1,2025-12-18,Lodz
175,38,kobieta,eksperymentalna,doktorat,6.3,4,561.5,57.1,79.7,2025/11/14,Wroclaw
944,30,F,Kontrolna,lic,7.4,2,504.3,77.9,64.2,2025-11-24,Lublin
509,22,Male,eksperymentalna,srednie,7.6,10,757.1,65.3,71.7,20-11-2025,Gdansk
102,30,K,eksperymentalna,lic,8.2,.,419.1,86.5,"74,3",2025-11-18,Lublin
27,45,K,kontrolna,doktorat,9.6,5,527.0,81.6,66.7,2025/10/09,Warszawa
581,25,M,eksperymentalna,srednie,8.0,5,479.7,"82,3",67.8,09-11-2025,Warszawa
188,43,M,KONTROLNA,magister,6.6,2,"585,2",69.1,72.1,2025/10/16,Krakow
678,31,Male,eksperymentalna,licencjat,4.4,10,425.7,,"58,2",2025-10-25,Lodz
84,28,K,Eksperymentalna,magister,9.2,10,675.2,48.2,70.7,2025-11-03,Poznan
436,38,F,Eksperymentalna,licencjat,8.9,6,708.3,"65,2",88.3,21-11-2025,Warszawa
968,22,kobieta,KONTROLNA,doktorat,7.4,2,"457,4",82.6,55.6,26-10-2025,Warszawa
433,21,M,kontrolna,lic,8.5,7,417.4,"83,0",70.7,2025/12/08,Lublin
281,31,kobieta,EKSPERYMENTALNA,lic,4.5,8,588.8,"58,1",47.2,2025/11/23,Gdansk
898,21,mezczyzna,Kontrolna,licencjat,6.6,8,660.6,58.8,41.0,12-12-2025,Warszawa
177,36,K,eksperymentalna,licencjat,5.4,7,413.9,78.5,68.9,06-11-2025,Wroclaw
909,37,M,eksperymentalna,srednie,5.6,4,2110.0,"61,6","72,5",2025-11-18,Krakow
638,30,F,eksperymentalna,magister,6.2,5,746.3,88.3,48.7,2025-10-29,Krakow
228,30,kobieta,kontrolna,licencjat,6.6,3,661.4,76.6,58.7,2025/10/16,Wroclaw
41,21,F,eksperymentalna,lic,7.8,9,574.2,52.7,75.8,20-12-2025,Wroclaw
315,30,K,EKSPERYMENTALNA,licencjat,6.8,7,"618,8",75.4,62.2,2025/10/02,Poznan
88,33,Male,eksperymentalna,magister,8.7,6,"633,5",91.0,"75,7",18-12-2025,Warszawa
571,23,Male,EKSPERYMENTALNA,licencjat,9.7,2,414.9,72.7,64.4,02-12-2025,Krakow
117,30,K,kontrolna,magister,5.9,7,687.1,53.0,51.3,24-11-2025,Krakow
545,25,kobieta,kontrolna,mgr,8.1,10,614.9,54.0,50.2,2025-10-17,Poznan
15,45,K,EKSPERYMENTALNA,doktorat,6.2,.,"496,5",52.7,"64,0",2025/10/02,Poznan
796,45,K,kontrolna,licencjat,8.4,3,517.8,74.4,81.6,2025/11/09,Lublin
577,44,K,Kontrolna,mgr,7.2,8,"606,6",76.0,"54,4",22-11-2025,Wroclaw
52,19,F,kontrolna,lic,7.1,1,516.5,79.9,80.8,2025-10-15,Wroclaw
434,22,F,Kontrolna,magister,8.0,10,758.5,77.0,73.7,2025-11-01,Wroclaw
624,41,kobieta,eksperymentalna,mgr,4.4,1,593.1,52.8,"62,8",09-12-2025,Wroclaw
689,39,M,Eksperymentalna,lic,4.1,7,"538,2",.,70.5,04-12-2025,Lublin
229,39,M,kontrolna,licencjat,5.5,8,"650,5",72.8,34.2,26-11-2025,Szczecin
2,26,Male,eksperymentalna,srednie,8.1,1,459.1,79.3,84.1,2025/11/02,Poznan
886,35,mezczyzna,Eksperymentalna,doktorat,9.6,7,673.8,77.9,48.1,2025/10/22,Lublin
136,43,F,kontrolna,mgr,5.0,4,"828,6",41.5,70.9,14-12-2025,Gdansk
592,33,M,eksperymentalna,doktorat,7.7,7,586.6,64.8,41.9,2025-11-21,Krakow
500,37,mezczyzna,kontrolna,srednie,8.5,9,657.8,41.1,67.2,2025-11-05,Szczecin
764,31,mezczyzna,kontrolna,mgr,4.4,4,481.8,,75.8,2025/11/07,Warszawa
113,43,mezczyzna,eksperymentalna,doktorat,6.6,3,550.2,45.3,61.8,2025/12/01,Krakow
567,21,K,eksperymentalna,mgr,5.3,4,378.2,66.5,63.6,2025/10/06,Poznan
253,43,Male,eksperymentalna,lic,6.2,999,451.9,70.3,69.2,2025/12/08,Lodz
933,32,kobieta,EKSPERYMENTALNA,magister,5.6,1,682.6,40.7,80.0,2025/12/06,Krakow
462,24,mezczyzna,eksperymentalna,doktorat,4.9,1,416.0,51.3,"36,9",2025-10-14,Poznan
172,35,Male,Eksperymentalna,licencjat,5.1,6,686.5,57.7,52.7,20-10-2025,Krakow
13,37,M,eksperymentalna,srednie,7.1,3,312.9,"52,4",91.7,2025/10/14,Krakow
838,36,F,eksperymentalna,lic,6.1,7,448.6,60.3,"78,6",14-11-2025,Krakow
155,24,K,eksperymentalna,doktorat,8.3,2,462.2,60.7,"68,7",17-10-2025,Lublin
78,36,Male,Kontrolna,licencjat,8.2,4,452.1,57.9,61.6,2025/11/29,Poznan
869,20,K,KONTROLNA,magister,8.5,5,471.1,81.1,68.2,2025/11/11,Krakow
302,37,M,kontrolna,licencjat,8.8,10,528.6,54.3,66.8,26-10-2025,Poznan
629,32,K,Kontrolna,srednie,6.1,2,536.5,"63,3","58,1",07-10-2025,Lublin
552,35,kobieta,Eksperymentalna,licencjat,6.8,6,569.9,65.5,56.4,2025/11/28,Lublin
78,36,Male,Kontrolna,licencjat,8.2,4,452.1,57.9,61.6,2025/11/29,Poznan
56,40,M,eksperymentalna,magister,7.7,4,"625,1",.,52.3,05-10-2025,Poznan
79,31,Male,eksperymentalna,doktorat,7.9,7,589.0,52.3,58.3,28-11-2025,Krakow
209,29,K,eksperymentalna,licencjat,7.3,10,411.6,53.9,46.2,11-10-2025,Krakow
458,43,M,Kontrolna,srednie,6.2,1,682.2,64.2,90.2,2025-10-14,Lublin
858,22,K,eksperymentalna,licencjat,6.6,6,450.7,40.2,62.1,2025/11/28,Wroclaw
542,,kobieta,eksperymentalna,licencjat,4.6,9,596.9,46.4,53.0,21-10-2025,Poznan
243,23,mezczyzna,kontrolna,magister,5.8,3,587.9,"72,3",70.5,2025-10-07,Lodz
398,43,M,eksperymentalna,licencjat,4.7,5,524.4,69.1,67.8,2025-10-17,Warszawa
732,41,mezczyzna,Eksperymentalna,lic,7.7,7,524.3,59.0,55.3,26-11-2025,Lublin
884,37,Male,eksperymentalna,lic,5.0,10,465.7,59.5,64.1,2025/10/09,Poznan
214,41,M,eksperymentalna,doktorat,8.7,6,"418,5","68,2","82,0",2025-11-12,Szczecin
952,45,mezczyzna,kontrolna,lic,4.9,1,599.0,71.1,57.1,2025-11-18,Lodz
30,36,mezczyzna,eksperymentalna,magister,7.0,10,401.6,52.9,71.3,27-11-2025,Lublin
439,26,F,eksperymentalna,licencjat,9.5,6,549.6,88.9,74.3,2025-11-21,Wroclaw
658,19,F,kontrolna,licencjat,8.5,5,683.5,79.7,69.9,13-10-2025,Gdansk
566,32,M,EKSPERYMENTALNA,doktorat,9.2,999,587.2,84.8,63.7,2025-10-26,Lodz
65,25,K,eksperymentalna,magister,7.5,3,612.2,77.2,70.0,2025/12/20,Lodz
217,30,F,kontrolna,magister,8.6,5,659.6,71.6,71.2,10-11-2025,Warszawa
120,37,K,Eksperymentalna,srednie,7.9,7,"516,8",47.2,69.1,18-12-2025,Szczecin
673,37,M,eksperymentalna,mgr,6.7,1,652.2,"77,1",48.3,2025-10-10,Lublin
671,36,K,kontrolna,magister,5.6,8,656.9,79.3,76.3,2025-11-12,Wroclaw
183,44,mezczyzna,EKSPERYMENTALNA,doktorat,7.4,7,803.1,,68.4,2025-12-10,Gdansk
137,40,M,Eksperymentalna,srednie,6.6,8,571.1,74.8,76.4,2025-11-24,Poznan
436,38,F,Eksperymentalna,licencjat,8.9,6,708.3,"65,2",88.3,21-11-2025,Warszawa
503,34,M,kontrolna,mgr,8.3,8,479.3,69.6,88.1,2025-11-16,Poznan
163,45,M,eksperymentalna,magister,5.6,3,550.6,"70,8",57.1,14-10-2025,Szczecin
150,38,Male,kontrolna,doktorat,8.3,5,525.8,"51,9",86.3,2025/11/18,Warszawa
659,36,F,Kontrolna,mgr,6.8,8,483.5,"78,9","41,9",12-10-2025,Gdansk
555,22,M,KONTROLNA,doktorat,4.7,5,523.9,"69,7",66.5,12-10-2025,Lodz
992,27,kobieta,kontrolna,licencjat,9.7,9,"770,5","68,7",71.7,2025/11/20,Krakow
940,20,kobieta,Eksperymentalna,lic,8.6,5,606.6,60.6,"75,2",04-10-2025,Szczecin
144,33,F,kontrolna,doktorat,5.4,3,721.3,76.0,79.9,2025-11-14,Krakow
808,38,Male,kontrolna,lic,8.1,3,"579,7",60.5,78.2,2025/12/09,Lublin
171,18,mezczyzna,kontrolna,magister,6.0,10,561.1,"59,0",57.2,2025/10/23,Krakow
815,29,mezczyzna,kontrolna,magister,4.3,8,582.4,65.9,52.6,2025/10/29,Poznan
469,18,K,kontrolna,mgr,9.3,4,533.5,"93,9","87,7",03-11-2025,Krakow
778,22,K,KONTROLNA,doktorat,4.2,3,"1410,2",67.0,58.2,2025-10-07,Szczecin
298,36,K,kontrolna,mgr,8.7,3,480.0,73.6,76.6,2025-10-05,Warszawa
487,38,kobieta,eksperymentalna,lic,4.5,7,533.4,63.0,49.2,2025/11/13,Poznan
647,19,kobieta,kontrolna,lic,7.3,10,662.0,"47,0",54.0,20-12-2025,Szczecin
249,24,kobieta,Eksperymentalna,licencjat,6.4,1,"608,5",74.5,67.2,2025-11-16,Wroclaw
618,18,Male,eksperymentalna,lic,7.4,999,404.4,66.0,64.0,27-10-2025,Poznan
982,40,mezczyzna,eksperymentalna,srednie,8.4,8,637.5,"61,8",46.5,2025-11-09,Wroclaw
913,18,M,eksperymentalna,lic,5.0,4,603.6,62.9,72.4,2025/10/13,Gdansk
92,41,F,KONTROLNA,doktorat,5.1,5,"587,0","51,5",52.2,2025/11/01,Szczecin
816,22,Male,KONTROLNA,doktorat,4.6,8,533.6,,"74,5",17-12-2025,Poznan
36,24,kobieta,kontrolna,doktorat,7.5,5,492.6,93.9,71.0,2025-10-13,Krakow
765,27,Male,eksperymentalna,magister,4.7,8,563.7,50.6,50.2,2025-10-15,Lublin
547,33,F,kontrolna,srednie,7.3,6,763.6,,74.0,27-10-2025,Warszawa
955,38,F,kontrolna,licencjat,5.5,1,630.1,76.5,77.5,2025/10/22,Warszawa
994,43,Male,eksperymentalna,doktorat,5.6,10,"588,0",26.8,45.7,30-10-2025,Lodz
728,24,K,KONTROLNA,doktorat,9.0,1,659.8,85.7,85.7,2025/10/08,Warszawa
66,32,mezczyzna,eksperymentalna,magister,6.8,6,698.5,65.5,70.8,03-12-2025,Lodz
767,43,mezczyzna,KONTROLNA,licencjat,7.2,1,557.2,76.4,65.9,2025/10/17,Poznan
682,43,Male,eksperymentalna,srednie,4.7,9,"695,8",62.3,44.5,2025-10-16,Lublin
716,31,mezczyzna,eksperymentalna,lic,4.8,8,540.4,49.2,53.9,2025/11/11,Lodz
93,33,mezczyzna,EKSPERYMENTALNA,srednie,9.5,10,524.0,72.4,65.5,25-11-2025,Poznan
409,35,mezczyzna,kontrolna,doktorat,4.5,7,340.7,,"65,1",09-12-2025,Lublin
621,29,M,Eksperymentalna,licencjat,5.2,1,614.9,999,"66,6",2025/11/04,Wroclaw
401,28,Male,KONTROLNA,lic,8.9,9,592.4,"92,2",46.9,2025-10-04,Gdansk
269,20,Male,kontrolna,licencjat,6.8,6,1742.5,69.4,53.3,2025/10/21,Poznan
546,38,mezczyzna,Eksperymentalna,licencjat,7.9,5,614.7,59.9,"76,5",2025/11/28,Lublin
55,41,K,Kontrolna,licencjat,6.4,3,652.8,52.1,66.3,2025-10-27,Krakow
261,40,F,kontrolna,srednie,6.3,10,550.3,"57,1",71.5,2025/11/13,Krakow
506,42,M,kontrolna,mgr,4.7,6,686.0,81.0,57.7,2025-12-12,Szczecin
533,30,M,kontrolna,srednie,4.5,8,585.8,56.4,51.5,05-10-2025,Gdansk
432,30,Male,eksperymentalna,licencjat,6.9,10,569.2,"59,1",67.4,2025-12-03,Szczecin
145,28,M,eksperymentalna,magister,5.1,6,647.4,33.4,63.1,2025/11/04,Lodz
124,43,kobieta,EKSPERYMENTALNA,doktorat,5.2,7,"524,6",79.0,66.1,2025/10/14,Gdansk
930,35,kobieta,KONTROLNA,licencjat,9.6,2,671.8,95.2,83.7,12-12-2025,Gdansk
517,18,M,kontrolna,srednie,7.2,2,580.3,56.6,36.7,2025-10-05,Gdansk
347,24,F,kontrolna,doktorat,4.4,7,658.3,45.2,56.2,30-10-2025,Lodz
468,26,M,eksperymentalna,licencjat,5.3,8,603.5,63.9,53.6,2025/10/19,Wroclaw
452,23,mezczyzna,kontrolna,licencjat,6.8,6,626.8,53.6,56.6,2025/10/03,Gdansk
892,35,K,kontrolna,srednie,8.4,5,625.5,78.3,81.6,2025-10-21,Poznan
394,40,Male,eksperymentalna,licencjat,5.9,9,459.4,61.7,64.8,2025/12/05,Szczecin
89,40,kobieta,kontrolna,doktorat,9.5,8,484.5,52.4,62.5,2025/12/07,Gdansk
589,30,F,eksperymentalna,srednie,9.3,10,546.4,59.7,"36,0",2025-11-04,Lublin
824,29,F,kontrolna,doktorat,6.0,1,583.0,"73,1","63,4",2025/12/13,Lublin
164,28,K,Eksperymentalna,mgr,8.7,5,380.9,55.8,"66,6",2025/12/13,Gdansk
472,32,K,Kontrolna,licencjat,5.5,5,549.0,76.9,76.9,2025/11/15,Krakow
701,42,F,eksperymentalna,mgr,5.4,6,445.8,51.7,62.9,08-12-2025,Szczecin
221,42,F,kontrolna,mgr,5.7,,"641,2",56.8,67.8,2025-12-12,Poznan
539,18,K,eksperymentalna,magister,9.4,4,373.3,"74,8",58.3,07-10-2025,Warszawa
75,37,K,eksperymentalna,doktorat,8.8,3,640.1,77.7,77.7,2025/10/03,Krakow
131,20,M,Eksperymentalna,doktorat,8.7,2,547.7,68.9,68.1,2025-12-02,Krakow
640,18,M,eksperymentalna,lic,6.4,4,650.1,70.8,46.0,2025-12-03,Lodz
564,42,kobieta,kontrolna,magister,6.4,6,"515,6",65.1,54.3,2025/11/27,Warszawa
580,45,K,eksperymentalna,srednie,7.9,1,"634,5","67,3","68,4",2025-10-19,Lublin
390,30,F,eksperymentalna,licencjat,7.8,5,690.6,75.4,57.0,2025-11-13,Warszawa
859,21,K,kontrolna,doktorat,6.8,4,539.7,68.0,64.1,2025-10-18,Szczecin
793,45,kobieta,kontrolna,lic,6.1,4,"487,1",,78.4,27-11-2025,Gdansk
430,35,F,eksperymentalna,srednie,7.8,6,"654,0",58.3,57.0,09-12-2025,Krakow
289,21,Male,EKSPERYMENTALNA,licencjat,5.2,8,615.0,"37,2",76.3,07-11-2025,Lublin
799,32,F,eksperymentalna,lic,9.3,10,585.5,54.4,79.1,2025-12-06,Lublin
57,44,Male,eksperymentalna,mgr,8.1,6,"499,0",59.3,"70,6",2025-12-02,Warszawa
246,45,M,kontrolna,licencjat,,9,467.9,70.1,55.9,2025-10-02,Warszawa
750,34,kobieta,Eksperymentalna,licencjat,5.3,8,480.8,"48,7",71.4,04-10-2025,Szczecin
61,34,K,EKSPERYMENTALNA,magister,8.8,4,"601,3",81.8,71.7,2025/11/30,Szczecin
384,34,F,eksperymentalna,magister,8.1,9,502.0,59.6,84.9,2025/11/14,Gdansk
611,18,Male,Kontrolna,licencjat,8.0,8,628.1,67.5,"58,3",26-11-2025,Wroclaw
301,36,kobieta,Kontrolna,lic,6.2,4,"603,0",59.0,60.8,2025-11-13,Gdansk
1,25,Male,eksperymentalna,magister,9.6,4,"677,9",85.4,62.5,2025/10/05,Warszawa
383,37,K,kontrolna,lic,4.1,3,570.0,39.9,52.7,14-12-2025,Gdansk
442,26,kobieta,KONTROLNA,srednie,4.7,4,459.5,68.5,"64,6",2025/12/03,Poznan
783,35,F,eksperymentalna,licencjat,8.2,5,499.8,,75.3,2025/10/31,Krakow
845,27,M,eksperymentalna,licencjat,6.2,4,599.8,83.9,76.3,2025-10-19,Krakow
59,19,M,Kontrolna,doktorat,8.6,1,606.4,"77,8","89,8",2025-11-04,Lublin
67,38,kobieta,EKSPERYMENTALNA,lic,7.8,2,325.5,76.4,82.4,2025-11-26,Lodz
421,41,M,kontrolna,lic,6.4,8,600.1,,61.7,2025/10/04,Wroclaw
881,43,mezczyzna,eksperymentalna,lic,6.3,4,633.3,64.5,83.7,08-10-2025,Wroclaw
224,29,K,eksperymentalna,doktorat,8.1,9,459.0,"81,0",51.0,13-12-2025,Lublin
134,19,kobieta,EKSPERYMENTALNA,doktorat,9.4,3,"690,1",71.6,75.9,16-10-2025,Lublin
570,37,M,eksperymentalna,licencjat,6.4,3,"516,6",49.3,78.7,04-10-2025,Poznan
274,36,kobieta,KONTROLNA,doktorat,4.8,4,511.9,70.8,70.9,2025-11-01,Poznan
606,20,F,kontrolna,mgr,4.0,2,454.5,93.7,38.9,2025-12-13,Wroclaw
819,30,mezczyzna,Kontrolna,doktorat,4.9,6,510.4,86.8,59.5,2025/10/20,Szczecin
596,40,K,kontrolna,srednie,8.2,1,"648,9",61.1,81.9,2025/12/12,Szczecin
462,24,mezczyzna,eksperymentalna,doktorat,4.9,1,416.0,51.3,"36,9",2025-10-14,Poznan
216,41,Male,kontrolna,srednie,7.2,10,490.7,77.1,66.9,03-11-2025,Wroclaw
125,28,M,kontrolna,mgr,4.1,6,409.8,61.2,54.0,20-11-2025,Warszawa
97,19,K,eksperymentalna,magister,6.9,8,505.8,77.5,67.5,2025-12-17,Lodz
410,26,F,Eksperymentalna,srednie,8.9,8,423.4,"77,8","59,0",2025-10-18,Krakow
966,24,M,Kontrolna,srednie,7.0,1,562.8,999,68.0,2025/12/07,Szczecin
822,27,kobieta,eksperymentalna,lic,8.1,8,458.0,73.9,60.1,2025-10-26,Wroclaw
349,27,F,eksperymentalna,lic,6.9,6,673.9,"67,0",59.7,2025/11/28,Gdansk
791,19,mezczyzna,eksperymentalna,licencjat,4.5,3,568.6,"59,5","60,4",2025/10/05,Poznan
143,19,M,eksperymentalna,lic,8.4,5,420.5,51.6,"73,6",12-11-2025,Lodz
813,44,K,kontrolna,doktorat,9.4,1,569.5,71.7,60.2,2025-12-08,Wroclaw
396,41,mezczyzna,KONTROLNA,doktorat,4.1,3,593.1,"71,7","74,9",2025/10/12,Lublin
642,34,F,eksperymentalna,lic,9.0,9,577.6,,63.9,2025/11/12,Wroclaw
895,23,kobieta,Kontrolna,doktorat,4.1,5,681.1,58.6,"61,2",2025-12-09,Poznan
865,31,kobieta,eksperymentalna,mgr,4.7,2,"631,6",73.6,67.5,03-11-2025,Krakow
338,25,mezczyzna,eksperymentalna,doktorat,5.3,3,"550,4","50,1","66,4",13-12-2025,Krakow
743,23,K,eksperymentalna,licencjat,7.8,8,485.5,80.0,53.9,2025-10-14,Lodz
233,24,kobieta,kontrolna,doktorat,5.6,3,581.5,72.6,44.3,2025-11-30,Warszawa
897,27,kobieta,kontrolna,srednie,7.0,10,629.0,55.8,70.4,2025-10-16,Warszawa
938,19,M,eksperymentalna,doktorat,7.8,6,461.8,54.9,"69,1",2025/10/03,Wroclaw
514,25,mezczyzna,Eksperymentalna,magister,7.1,2,512.6,62.6,80.5,06-11-2025,Krakow
507,21,kobieta,eksperymentalna,doktorat,9.7,6,552.0,68.9,73.2,2025/11/12,Szczecin
505,42,kobieta,eksperymentalna,lic,8.7,4,500.9,70.5,83.3,2025-12-12,Poznan
247,40,K,Eksperymentalna,magister,8.1,1,580.9,57.3,77.5,10-12-2025,Szczecin
840,45,K,KONTROLNA,mgr,5.6,7,497.1,74.1,"69,2",29-10-2025,Poznan
170,35,M,kontrolna,srednie,,8,596.9,67.9,68.4,2025-10-08,Lublin
660,33,K,eksperymentalna,lic,6.3,10,504.0,53.3,61.9,2025-11-09,Szczecin
8,23,F,eksperymentalna,srednie,9.2,9,832.9,72.0,73.0,24-11-2025,Warszawa
490,30,Male,kontrolna,mgr,7.1,3,496.2,67.5,60.7,12-11-2025,Warszawa
991,33,K,kontrolna,lic,5.6,10,536.9,78.4,61.8,19-12-2025,Krakow
960,38,M,eksperymentalna,doktorat,4.8,8,442.1,54.2,46.7,10-10-2025,Szczecin
809,39,kobieta,eksperymentalna,srednie,5.8,4,487.8,76.4,70.7,2025/11/22,Lublin
238,23,Male,eksperymentalna,licencjat,6.5,1,579.1,"78,9",61.5,2025-12-16,Gdansk
835,20,mezczyzna,kontrolna,licencjat,6.2,1,649.8,"80,0","83,6",25-11-2025,Gdansk
842,43,F,KONTROLNA,licencjat,9.3,4,297.3,,93.2,2025-12-04,Gdansk
51,37,M,kontrolna,srednie,7.1,,559.1,61.9,73.1,2025-10-04,Poznan
299,35,F,Eksperymentalna,lic,7.5,9,439.6,"70,3",62.6,28-10-2025,Lublin
333,22,F,eksperymentalna,lic,4.4,4,548.7,66.9,73.9,2025-11-06,Lublin
739,38,M,Eksperymentalna,mgr,8.0,2,1721.8,.,84.8,02-10-2025,Warszawa
135,40,M,Eksperymentalna,lic,6.6,10,554.6,47.4,65.1,18-11-2025,Szczecin
118,38,kobieta,kontrolna,lic,5.1,7,531.7,64.4,"46,8",2025/10/16,Lublin
480,29,K,eksperymentalna,mgr,8.2,9,637.0,58.8,57.9,2025/11/30,Krakow
284,20,F,Eksperymentalna,lic,5.6,1,447.3,100.0,57.0,2025/10/29,Warszawa
54,19,M,eksperymentalna,magister,6.8,6,"455,0",85.5,"67,9",2025/10/21,Lublin
612,30,F,kontrolna,magister,5.0,5,"673,4",71.6,66.1,2025-11-25,Wroclaw
694,32,K,kontrolna,mgr,7.7,7,454.5,58.7,62.3,24-11-2025,Warszawa
453,23,K,eksperymentalna,doktorat,8.3,6,605.6,79.3,51.3,2025/12/12,Lodz
464,34,M,kontrolna,srednie,6.7,8,"1283,2","63,8",65.6,2025/10/18,Warszawa
99,19,M,eksperymentalna,mgr,9.7,2,534.8,"79,3","75,0",11-10-2025,Warszawa
265,27,F,eksperymentalna,mgr,9.2,7,"717,5",46.7,"77,4",2025-10-15,Warszawa
191,41,mezczyzna,kontrolna,magister,4.9,,"366,3",57.9,63.7,2025-10-01,Gdansk
240,21,F,eksperymentalna,doktorat,8.6,5,639.1,58.5,53.0,2025/12/01,Gdansk
666,,F,eksperymentalna,magister,7.4,5,490.9,71.7,54.9,2025-10-16,Wroclaw
368,34,mezczyzna,kontrolna,licencjat,9.2,9,"304,2",69.9,"62,5",2025/11/15,Gdansk
862,31,kobieta,kontrolna,doktorat,6.4,10,558.1,59.0,"62,4",2025-10-29,Szczecin
321,40,kobieta,eksperymentalna,srednie,NA,2,446.7,70.8,57.3,2025/10/18,Gdansk
212,38,K,kontrolna,srednie,9.4,2,563.2,"82,0",89.1,2025-10-19,Lublin
744,31,F,kontrolna,mgr,4.4,10,563.0,53.2,46.5,2025/10/21,Gdansk
316,25,mezczyzna,KONTROLNA,doktorat,8.8,9,605.2,60.5,70.3,2025/12/19,Lublin
139,37,kobieta,EKSPERYMENTALNA,magister,7.5,8,574.8,58.3,44.9,2025/11/15,Warszawa
693,36,M,KONTROLNA,lic,5.2,2,390.9,83.9,"53,3",27-10-2025,Lublin
963,33,kobieta,kontrolna,lic,6.6,5,557.4,65.7,42.7,24-10-2025,Lodz
415,38,mezczyzna,eksperymentalna,licencjat,6.5,4,559.9,61.6,"80,2",30-10-2025,Wroclaw
181,31,K,eksperymentalna,licencjat,6.4,5,591.9,67.4,75.2,2025-11-12,Lodz
927,37,Male,kontrolna,srednie,NA,4,679.2,80.6,"67,0",13-10-2025,Warszawa
87,42,K,kontrolna,lic,5.3,6,604.1,"58,6",63.6,17-10-2025,Wroclaw
967,,F,eksperymentalna,licencjat,7.8,3,"674,4",84.5,48.2,2025-10-13,Szczecin
408,33,mezczyzna,EKSPERYMENTALNA,licencjat,8.6,10,548.8,"45,5",70.8,16-10-2025,Warszawa
43,32,F,EKSPERYMENTALNA,mgr,6.8,10,545.2,.,58.0,2025-10-11,Szczecin
241,39,mezczyzna,kontrolna,magister,6.5,9,376.0,83.7,"55,1",20-12-2025,Lublin
777,24,F,Kontrolna,lic,8.5,8,715.3,67.2,66.7,2025/10/30,Wroclaw
645,21,M,EKSPERYMENTALNA,srednie,6.3,10,605.2,999,51.3,05-11-2025,Szczecin
90,45,mezczyzna,kontrolna,lic,4.5,3,495.1,"68,1",48.9,01-12-2025,Wroclaw
773,43,Male,eksperymentalna,licencjat,4.3,6,"425,4","77,5",61.6,2025-10-24,Lublin
529,32,mezczyzna,eksperymentalna,lic,8.5,9,628.9,59.1,"65,4",17-10-2025,Warszawa
254,45,mezczyzna,EKSPERYMENTALNA,lic,8.1,10,"558,5",62.5,65.6,13-12-2025,Lublin
890,27,kobieta,kontrolna,magister,7.6,5,463.3,45.7,76.9,2025-12-06,Krakow
126,42,kobieta,eksperymentalna,licencjat,8.3,8,406.7,35.3,"82,9",28-11-2025,Lodz
740,43,Male,KONTROLNA,lic,6.1,1,518.9,"76,9",45.2,2025-10-29,Lublin
11,37,mezczyzna,kontrolna,licencjat,8.2,2,"612,4",72.5,85.2,2025/12/18,Wroclaw
325,22,M,kontrolna,mgr,5.1,4,"519,9",999,60.3,2025/10/25,Krakow
96,42,mezczyzna,eksperymentalna,mgr,9.2,3,"515,5","61,8","82,8",2025-11-14,Gdansk
595,45,Male,eksperymentalna,lic,9.4,3,496.0,"73,7","89,8",26-11-2025,Szczecin
130,25,kobieta,kontrolna,lic,4.6,7,"402,5",41.4,56.9,2025/10/21,Lodz
74,40,mezczyzna,eksperymentalna,magister,5.9,3,619.7,70.2,68.9,01-12-2025,Szczecin
778,22,K,KONTROLNA,doktorat,4.2,3,"1410,2",67.0,58.2,2025-10-07,Szczecin
101,42,Male,kontrolna,srednie,5.7,10,580.3,65.3,62.0,2025/12/18,Wroclaw
730,32,mezczyzna,kontrolna,magister,4.4,2,663.0,.,75.4,2025/12/15,Krakow
795,41,mezczyzna,eksperymentalna,srednie,7.6,,607.9,55.3,54.1,2025/11/22,Lodz
854,34,F,EKSPERYMENTALNA,lic,7.1,1,790.5,87.2,67.2,20-10-2025,Lodz
983,NA,kobieta,Kontrolna,mgr,6.3,10,431.4,55.7,50.5,2025/10/31,Wroclaw
446,26,M,eksperymentalna,srednie,4.0,4,"531,4","43,1",47.3,2025/11/19,Krakow
392,43,K,kontrolna,lic,7.9,3,532.0,100.0,58.6,2025-10-01,Wroclaw
240,21,F,eksperymentalna,doktorat,8.6,5,639.1,58.5,53.0,2025/12/01,Gdansk
962,43,M,kontrolna,magister,7.3,4,"581,3",73.7,83.2,2025/11/22,Poznan
154,30,F,Eksperymentalna,doktorat,7.9,10,612.3,56.0,32.7,2025-11-02,Szczecin
235,25,Male,eksperymentalna,magister,7.9,10,422.3,42.9,67.6,01-10-2025,Szczecin
290,27,mezczyzna,kontrolna,magister,5.6,3,455.8,52.6,"64,4",25-10-2025,Lublin
953,34,kobieta,kontrolna,doktorat,7.4,6,630.4,65.3,38.1,11-11-2025,Warszawa
686,31,M,kontrolna,lic,9.6,1,445.3,92.0,81.6,02-12-2025,Wroclaw
600,40,K,eksperymentalna,licencjat,7.4,5,2007.3,72.6,62.5,2025-11-21,Gdansk
397,44,mezczyzna,Eksperymentalna,lic,6.7,5,784.1,74.5,78.7,2025/12/08,Lublin
972,41,Male,kontrolna,licencjat,9.5,7,679.4,"73,8",78.4,2025/12/16,Warszawa
752,40,M,EKSPERYMENTALNA,srednie,4.5,7,608.5,62.5,55.7,2025/12/09,Lodz
634,23,M,kontrolna,mgr,8.9,10,549.3,49.1,"61,6",10-10-2025,Warszawa
723,28,K,KONTROLNA,srednie,6.8,7,441.8,68.3,66.4,29-10-2025,Warszawa
105,43,mezczyzna,eksperymentalna,mgr,5.3,8,642.6,64.9,55.3,2025/12/12,Lublin
639,27,Male,kontrolna,licencjat,8.0,8,564.1,85.3,46.6,13-11-2025,Szczecin
951,38,Male,eksperymentalna,mgr,5.5,10,562.8,"61,2",49.8,2025-12-06,Szczecin
204,28,mezczyzna,kontrolna,licencjat,6.9,3,"573,5",77.6,77.9,06-11-2025,Wroclaw
527,30,kobieta,kontrolna,doktorat,8.3,1,502.6,"95,9",92.5,2025/11/09,Szczecin
691,35,Male,Eksperymentalna,lic,8.6,4,608.9,77.7,51.9,04-10-2025,Poznan
935,34,F,eksperymentalna,srednie,9.5,2,456.7,82.8,93.4,2025-12-01,Gdansk
753,35,K,Kontrolna,mgr,5.8,2,432.8,81.0,62.4,2025/11/19,Krakow
918,42,M,eksperymentalna,magister,5.9,6,613.2,"37,4",53.5,2025/12/08,Poznan
260,27,K,KONTROLNA,srednie,7.6,7,628.3,"64,5","69,3",07-10-2025,Lodz
223,38,M,eksperymentalna,srednie,5.9,10,409.2,59.4,53.6,2025/10/03,Lodz
324,30,F,eksperymentalna,magister,7.2,,394.4,57.4,"50,8",03-11-2025,Szczecin
58,42,mezczyzna,kontrolna,lic,7.4,9,"514,4",45.3,52.3,2025/12/14,Gdansk
104,27,kobieta,kontrolna,mgr,8.7,3,590.3,33.4,85.5,2025-11-22,Lublin
779,22,F,eksperymentalna,doktorat,5.4,999,480.5,77.0,55.6,2025-10-27,Wroclaw
44,45,K,kontrolna,licencjat,7.8,2,"615,2",84.0,87.2,06-11-2025,Poznan
294,44,K,EKSPERYMENTALNA,magister,7.4,,723.3,55.2,49.4,2025-10-02,Szczecin
742,22,F,eksperymentalna,lic,8.5,5,532.6,76.4,55.9,07-10-2025,Szczecin
572,31,mezczyzna,kontrolna,lic,8.2,2,"380,2","70,9",71.1,12-10-2025,Szczecin
602,43,K,eksperymentalna,magister,9.6,10,271.4,80.7,48.6,21-11-2025,Warszawa
319,20,Male,KONTROLNA,licencjat,5.4,5,641.8,67.2,71.6,2025-10-19,Wroclaw
754,44,kobieta,KONTROLNA,srednie,7.7,6,649.4,49.7,70.0,2025/10/27,Szczecin
784,26,kobieta,eksperymentalna,doktorat,8.8,3,627.2,"94,5",63.5,2025-10-30,Lodz
510,26,kobieta,Eksperymentalna,doktorat,8.5,9,539.0,61.8,42.2,2025-12-01,Gdansk
916,40,M,eksperymentalna,magister,4.8,9,584.6,"32,2",53.9,2025/12/09,Szczecin
195,44,mezczyzna,kontrolna,magister,4.7,3,558.6,74.7,40.5,2025/12/14,Gdansk
771,35,F,eksperymentalna,srednie,4.8,10,367.4,"55,9",55.6,2025-10-30,Krakow
627,41,mezczyzna,kontrolna,mgr,7.9,10,"492,8",47.3,"60,6",19-11-2025,Wroclaw
45,26,mezczyzna,KONTROLNA,doktorat,9.4,1,697.2,92.8,65.1,11-12-2025,Wroclaw
560,29,K,kontrolna,licencjat,8.9,4,515.3,69.6,"76,7",23-11-2025,Gdansk
196,35,K,kontrolna,doktorat,5.8,5,437.4,55.9,45.7,2025/10/05,Wroclaw
839,37,F,kontrolna,srednie,4.2,1,700.7,"34,2",85.2,2025/11/28,Poznan
989,44,Male,eksperymentalna,mgr,7.2,10,588.4,68.4,29.9,14-10-2025,Krakow
926,42,Male,eksperymentalna,mgr,6.6,9,587.2,64.0,62.7,2025/10/17,Szczecin
670,33,mezczyzna,eksperymentalna,magister,6.9,4,482.5,57.1,"84,6",03-11-2025,Szczecin
736,22,F,kontrolna,lic,6.8,9,"694,5",75.1,63.1,2025-10-04,Wroclaw
121,35,K,KONTROLNA,mgr,7.2,2,579.3,60.2,"78,0",2025/10/22,Lodz
60,29,mezczyzna,kontrolna,doktorat,5.1,4,583.9,45.7,68.4,05-10-2025,Szczecin
361,18,Male,kontrolna,doktorat,6.0,1,387.2,76.1,78.5,2025/10/01,Wroclaw
965,31,M,Kontrolna,licencjat,7.7,8,498.6,71.5,59.1,2025-10-17,Lodz
635,29,kobieta,EKSPERYMENTALNA,mgr,5.6,9,509.9,55.1,"65,8",2025/12/04,Warszawa
492,23,kobieta,Eksperymentalna,mgr,7.7,3,547.5,"61,2",50.5,2025/10/15,Lodz
653,25,Male,kontrolna,doktorat,4.1,9,775.0,76.1,58.7,2025/10/23,Warszawa
636,37,Male,Kontrolna,magister,5.5,4,491.0,56.9,57.9,2025/11/02,Wroclaw
986,24,mezczyzna,EKSPERYMENTALNA,licencjat,6.5,5,427.6,"66,5",58.3,2025-12-17,Wroclaw
704,23,K,EKSPERYMENTALNA,srednie,4.3,1,"585,3",67.5,"67,7",12-10-2025,Poznan
252,35,M,Eksperymentalna,doktorat,4.0,3,689.1,59.6,53.2,2025-10-10,Gdansk
945,26,F,kontrolna,magister,5.3,9,554.7,"70,0",64.0,2025/11/11,Gdansk
802,29,mezczyzna,kontrolna,lic,8.0,8,738.6,74.0,"86,5",2025-10-23,Lodz
412,18,K,Kontrolna,lic,7.8,2,"643,4",73.7,70.8,2025-12-06,Lublin
717,45,mezczyzna,Eksperymentalna,doktorat,4.0,1,"710,8","73,5",68.7,2025-10-31,Lodz
48,22,Male,Eksperymentalna,mgr,8.3,8,423.9,79.7,"91,3",2025/10/10,Poznan
837,25,K,kontrolna,srednie,4.3,2,528.4,63.1,"47,7",2025-12-05,Gdansk
969,31,F,kontrolna,mgr,8.8,4,570.0,"87,4",54.2,2025-12-18,Wroclaw
683,19,K,kontrolna,srednie,5.9,6,590.1,,64.1,2025-10-06,Warszawa
244,24,Male,kontrolna,licencjat,6.5,.,450.4,53.5,61.7,2025-10-13,Poznan
628,43,kobieta,Eksperymentalna,doktorat,6.4,6,383.4,68.1,78.6,2025/10/17,Wroclaw
985,39,mezczyzna,EKSPERYMENTALNA,doktorat,5.4,10,462.1,50.0,"47,2",2025-10-02,Warszawa
699,35,K,eksperymentalna,licencjat,6.1,6,580.5,.,70.5,2025/10/22,Szczecin
622,27,M,kontrolna,magister,6.1,1,"648,1",79.8,"54,8",15-12-2025,Poznan
94,25,mezczyzna,eksperymentalna,lic,7.0,3,546.2,100.0,79.3,26-10-2025,Lodz
687,39,Male,kontrolna,srednie,7.9,999,636.9,83.9,63.0,07-10-2025,Poznan
805,31,F,kontrolna,srednie,9.2,6,"562,1","74,6",76.5,01-12-2025,Szczecin
569,43,Male,kontrolna,lic,4.7,5,595.8,84.5,68.3,2025-12-16,Szczecin
988,19,mezczyzna,Kontrolna,doktorat,5.0,7,570.9,74.4,74.2,2025/12/15,Lodz
86,37,kobieta,kontrolna,doktorat,5.7,8,674.8,"58,6","70,2",2025-10-07,Warszawa
867,29,Male,kontrolna,doktorat,5.3,6,517.7,56.5,"49,8",2025/10/31,Krakow
949,40,K,EKSPERYMENTALNA,lic,4.8,2,432.7,77.9,67.3,18-11-2025,Lublin
553,39,mezczyzna,eksperymentalna,mgr,5.7,3,585.2,42.7,56.7,2025-11-19,Wroclaw
977,35,F,EKSPERYMENTALNA,mgr,4.9,3,541.7,67.3,50.0,2025/11/10,Szczecin
563,28,M,eksperymentalna,mgr,5.5,1,692.4,71.3,77.9,2025/12/18,Krakow
613,41,K,kontrolna,lic,9.0,1,"677,6",100.0,"90,0",07-10-2025,Krakow
880,35,K,kontrolna,licencjat,8.6,8,"539,6",79.0,55.0,2025/11/09,Krakow
801,40,mezczyzna,eksperymentalna,mgr,8.9,2,572.3,85.3,85.7,09-12-2025,Szczecin
511,19,Male,kontrolna,licencjat,4.6,6,510.7,"60,4",69.9,2025-10-05,Lublin
893,29,M,kontrolna,srednie,5.0,8,"564,8",999,52.6,04-11-2025,Krakow
734,18,Male,Eksperymentalna,mgr,5.3,3,570.1,63.0,61.3,2025/10/02,Poznan
950,40,mezczyzna,kontrolna,lic,6.3,8,557.8,56.5,"61,7",07-11-2025,Gdansk
465,42,kobieta,eksperymentalna,magister,5.3,4,536.1,55.9,73.4,2025-10-17,Krakow
106,34,F,eksperymentalna,licencjat,6.4,9,334.5,"60,3",44.5,2025/12/12,Gdansk
197,28,Male,kontrolna,licencjat,4.9,5,624.5,47.7,73.5,2025/12/20,Lublin
616,37,Male,Eksperymentalna,licencjat,6.5,8,432.4,59.8,49.0,2025/10/03,Wroclaw
346,24,kobieta,eksperymentalna,magister,5.6,9,592.0,"54,1",70.5,2025/10/08,Warszawa
334,41,M,eksperymentalna,lic,5.4,8,530.2,,76.6,25-11-2025,Lodz
831,24,K,eksperymentalna,doktorat,7.3,2,360.2,83.8,56.9,30-11-2025,Warszawa
400,28,M,KONTROLNA,licencjat,5.2,3,"609,0",72.0,65.4,2025/10/19,Gdansk
551,22,Male,kontrolna,magister,7.6,5,"644,1",.,65.3,2025-10-05,Gdansk
435,41,M,kontrolna,magister,7.3,7,483.8,"62,3",49.5,2025-11-30,Szczecin
703,33,K,eksperymentalna,lic,5.1,5,513.5,67.4,59.8,18-12-2025,Szczecin
205,38,Male,eksperymentalna,mgr,9.1,1,378.2,66.5,74.7,2025-11-08,Wroclaw
747,41,kobieta,kontrolna,lic,4.2,4,550.9,74.4,48.9,2025-10-23,Lodz
726,22,Male,EKSPERYMENTALNA,lic,4.7,1,618.9,"77,6",57.2,15-12-2025,Lublin
685,31,F,eksperymentalna,doktorat,4.6,10,516.9,47.8,"71,1",2025/10/31,Warszawa
308,30,Male,Eksperymentalna,doktorat,8.6,3,"1452,8",45.0,82.0,2025/10/22,Krakow
731,39,K,kontrolna,lic,8.9,6,"508,6",58.6,86.8,2025-12-04,Lublin
848,39,Male,eksperymentalna,srednie,6.1,10,710.9,"55,5",53.4,2025/12/06,Gdansk
456,42,M,kontrolna,srednie,5.1,10,664.7,71.8,"72,8",2025/11/03,Szczecin
526,37,Male,eksperymentalna,magister,5.5,5,533.3,66.6,63.0,22-11-2025,Warszawa
797,18,M,kontrolna,srednie,5.2,9,"447,3",,48.2,2025-12-02,Krakow
755,34,mezczyzna,kontrolna,licencjat,4.7,2,483.2,74.9,90.1,2025/12/07,Gdansk
393,26,F,eksperymentalna,srednie,6.9,9,680.2,64.9,"63,5",2025/10/14,Lodz
998,29,M,kontrolna,magister,9.5,8,"402,4","52,7",68.1,2025-11-17,Gdansk
111,26,M,eksperymentalna,magister,4.5,3,618.3,"49,6","100,0",2025-12-12,Lublin
665,36,F,eksperymentalna,doktorat,4.6,8,422.8,56.5,63.8,2025-12-02,Lodz
239,41,F,kontrolna,doktorat,5.1,6,557.8,60.3,61.6,15-10-2025,Wroclaw
556,38,K,eksperymentalna,licencjat,7.2,3,524.9,60.6,"76,7",16-10-2025,Warszawa
878,33,mezczyzna,Eksperymentalna,magister,5.0,1,576.0,56.7,82.5,2025/11/13,Poznan
142,34,K,kontrolna,licencjat,4.0,.,1431.8,36.0,54.4,2025/12/01,Gdansk
928,22,Male,KONTROLNA,mgr,9.1,6,"591,6",75.4,84.4,02-11-2025,Warszawa
193,30,mezczyzna,KONTROLNA,mgr,8.9,1,606.6,100.0,59.4,14-10-2025,Gdansk
937,,K,eksperymentalna,doktorat,8.3,5,544.9,65.6,51.8,2025-12-06,Wroclaw
620,45,F,kontrolna,magister,5.4,3,"737,9",58.3,"66,8",08-10-2025,Poznan
148,22,M,kontrolna,mgr,6.9,4,664.2,"69,2",56.5,01-10-2025,Krakow
185,41,kobieta,eksperymentalna,licencjat,4.1,9,546.6,"65,9",46.0,2025-11-22,Szczecin
941,25,F,kontrolna,doktorat,8.5,4,683.7,84.0,77.6,2025-11-23,Gdansk
248,22,mezczyzna,kontrolna,licencjat,7.6,4,524.0,77.8,"64,8",2025-11-06,Krakow
403,27,M,kontrolna,lic,7.2,1,548.1,"85,8",83.7,09-11-2025,Warszawa
337,40,Male,kontrolna,srednie,6.0,10,"493,1",63.7,66.5,2025-11-11,Poznan
537,18,mezczyzna,Kontrolna,magister,5.3,7,481.9,66.2,62.3,07-10-2025,Lodz
50,20,K,kontrolna,mgr,brak,2,678.7,53.5,61.0,2025-10-21,Gdansk
343,33,K,eksperymentalna,doktorat,brak,2,477.7,65.8,55.3,2025-11-21,Warszawa
656,18,F,kontrolna,doktorat,4.3,10,563.1,29.8,52.9,2025/11/23,Krakow
919,25,K,kontrolna,doktorat,5.6,7,724.5,66.1,57.5,2025-10-21,Gdansk
376,39,mezczyzna,EKSPERYMENTALNA,srednie,8.8,4,677.6,63.5,91.6,2025/11/03,Wroclaw
9,25,F,EKSPERYMENTALNA,lic,6.8,6,530.6,46.2,63.2,2025/10/18,Krakow
586,23,M,eksperymentalna,lic,9.5,1,665.2,92.5,79.8,08-10-2025,Wroclaw
380,19,K,kontrolna,mgr,5.8,8,527.4,49.1,47.7,2025-11-26,Warszawa
493,28,kobieta,Kontrolna,srednie,8.6,6,586.2,63.2,"81,5",14-11-2025,Wroclaw
431,43,Male,kontrolna,lic,9.3,3,636.1,"95,9",70.8,2025/11/19,Gdansk
153,42,mezczyzna,kontrolna,licencjat,7.5,7,629.6,74.0,62.2,13-10-2025,Szczecin
517,18,M,kontrolna,srednie,7.2,2,580.3,56.6,36.7,2025-10-05,Gdansk
460,40,Male,eksperymentalna,lic,4.5,10,484.0,48.0,"55,4",15-10-2025,Szczecin
696,20,M,kontrolna,mgr,7.8,9,469.0,"48,4",60.7,2025/11/23,Lublin
339,30,mezczyzna,eksperymentalna,lic,8.5,4,532.4,66.3,"67,8",29-11-2025,Lublin
98,28,mezczyzna,kontrolna,licencjat,5.3,1,421.7,81.4,73.8,2025-12-10,Szczecin
68,18,mezczyzna,Kontrolna,licencjat,4.8,7,642.4,54.5,"52,1",2025/10/25,Warszawa
438,30,K,EKSPERYMENTALNA,magister,4.0,9,549.5,52.2,62.8,2025-11-22,Krakow
450,42,K,eksperymentalna,magister,8.4,8,2195.3,56.5,61.1,2025-12-16,Poznan
706,25,Male,kontrolna,mgr,7.8,1,475.6,999,59.6,2025-10-19,Lodz
905,25,M,eksperymentalna,magister,7.4,9,359.0,"60,8","56,1",2025-11-30,Szczecin
525,41,M,kontrolna,srednie,6.9,8,"413,3",21.3,55.5,2025-11-20,Warszawa
751,31,Male,kontrolna,doktorat,5.3,3,447.3,999,93.0,31-10-2025,Gdansk
250,37,K,KONTROLNA,lic,7.8,9,549.6,"65,6",63.1,2025-11-14,Warszawa
957,25,K,Eksperymentalna,lic,6.5,3,"539,8",67.4,"70,4",2025-10-05,Wroclaw
414,44,mezczyzna,eksperymentalna,lic,9.6,3,"483,2","96,1",100.0,04-10-2025,Warszawa
271,24,mezczyzna,eksperymentalna,doktorat,NA,10,"638,0",62.3,43.1,2025-10-24,Lublin
807,24,M,eksperymentalna,magister,7.3,5,515.9,61.0,59.6,2025-10-09,Lodz
664,36,Male,EKSPERYMENTALNA,magister,9.0,7,"534,7",89.2,81.1,2025-10-19,Lodz
304,44,Male,kontrolna,mgr,7.4,2,463.4,,"55,7",2025/11/08,Lublin
923,23,mezczyzna,kontrolna,licencjat,5.6,9,634.5,59.7,59.8,06-10-2025,Szczecin
230,23,M,eksperymentalna,licencjat,4.6,7,748.2,63.1,61.8,2025/12/14,Szczecin
583,35,K,eksperymentalna,doktorat,7.5,4,504.3,"83,5",77.8,2025/11/27,Warszawa
199,29,kobieta,eksperymentalna,lic,6.0,1,697.9,59.7,72.7,2025/10/26,Lublin
885,24,F,eksperymentalna,srednie,7.0,3,"475,4",58.9,58.6,2025-12-18,Lodz
644,22,K,eksperymentalna,srednie,6.1,9,"539,2","61,7",61.2,2025/12/16,Lodz
268,26,Male,kontrolna,licencjat,9.1,6,743.7,52.0,80.5,2025-11-29,Szczecin
391,26,F,kontrolna,mgr,6.0,2,559.5,60.5,66.3,2025/10/21,Wroclaw
359,33,K,kontrolna,magister,9.7,8,675.9,62.8,59.1,2025/12/09,Poznan
255,29,Male,eksperymentalna,lic,9.5,1,526.1,62.6,68.1,2025-12-04,Wroclaw
504,42,mezczyzna,eksperymentalna,mgr,8.6,1,412.4,"64,8",56.9,2025-11-22,Szczecin
921,42,kobieta,kontrolna,lic,9.3,2,568.6,73.9,67.8,2025/12/17,Warszawa
669,24,Male,kontrolna,licencjat,7.5,6,653.3,"92,3",71.6,2025/10/31,Lodz
864,18,Male,eksperymentalna,srednie,9.6,3,576.1,65.8,81.2,29-10-2025,Szczecin
405,18,Male,eksperymentalna,mgr,4.4,6,"396,1",50.3,67.3,2025-11-16,Lodz
324,30,F,eksperymentalna,magister,7.2,,394.4,57.4,"50,8",03-11-2025,Szczecin
515,31,F,kontrolna,doktorat,5.5,1,519.6,81.0,73.8,14-12-2025,Poznan
762,41,mezczyzna,Kontrolna,srednie,7.7,9,711.9,81.1,62.7,19-11-2025,Lodz
768,40,mezczyzna,Eksperymentalna,magister,5.3,10,627.1,39.6,100.0,16-12-2025,Lublin
623,26,mezczyzna,kontrolna,licencjat,6.3,8,605.3,70.7,59.7,2025-10-11,Gdansk
876,21,Male,eksperymentalna,licencjat,7.2,4,555.8,66.6,62.4,2025/10/07,Gdansk
900,24,Male,KONTROLNA,licencjat,9.3,4,1953.4,74.1,76.3,2025-10-29,Krakow
519,38,kobieta,eksperymentalna,mgr,9.0,999,667.5,84.6,"52,1",2025/11/13,Poznan
395,22,K,Kontrolna,licencjat,4.3,10,509.6,"33,0",59.5,23-10-2025,Lodz
73,44,mezczyzna,kontrolna,magister,7.9,9,"563,6",52.1,55.0,2025/11/20,Krakow
110,25,K,kontrolna,mgr,6.3,9,435.2,.,57.7,2025-12-03,Gdansk
119,40,kobieta,kontrolna,magister,6.2,8,"416,7",58.9,40.9,2025-11-10,Gdansk
179,35,mezczyzna,EKSPERYMENTALNA,lic,4.3,2,405.0,71.3,71.5,2025/11/01,Warszawa
961,22,kobieta,eksperymentalna,mgr,4.3,8,655.4,45.7,60.3,15-11-2025,Lublin
833,20,mezczyzna,EKSPERYMENTALNA,licencjat,5.9,10,514.0,65.4,52.7,2025/10/05,Gdansk
745,19,M,Eksperymentalna,magister,8.5,3,393.3,70.5,79.5,08-11-2025,Wroclaw
236,24,F,eksperymentalna,magister,7.5,8,616.7,72.1,"84,5",2025-12-15,Wroclaw
588,24,F,eksperymentalna,doktorat,6.3,1,551.7,90.6,51.1,2025/11/21,Warszawa
323,21,mezczyzna,Kontrolna,doktorat,5.2,7,"507,9",63.0,45.0,01-10-2025,Wroclaw
24,25,F,kontrolna,mgr,6.0,9,578.2,60.7,45.0,2025-10-21,Gdansk
512,32,kobieta,kontrolna,licencjat,7.7,3,"529,0",73.6,87.4,2025/10/20,Lodz
332,42,F,Kontrolna,lic,9.1,9,425.7,75.7,60.6,13-10-2025,Wroclaw
309,38,Male,Eksperymentalna,mgr,4.6,1,"492,6",64.5,67.2,05-12-2025,Gdansk
296,38,Male,Kontrolna,magister,8.5,5,595.9,"53,7",78.6,30-11-2025,Lodz
266,32,M,kontrolna,mgr,9.6,8,567.8,"77,8","84,5",2025/11/10,Lodz
760,45,K,Kontrolna,licencjat,6.0,5,460.4,63.9,66.9,2025/11/06,Wroclaw
322,30,Male,kontrolna,magister,8.5,9,585.3,76.2,49.1,2025/11/04,Wroclaw
594,34,Male,KONTROLNA,doktorat,8.1,10,517.2,62.2,66.0,2025-10-28,Gdansk
373,44,kobieta,kontrolna,magister,9.6,999,1562.9,,79.5,06-11-2025,Lodz
649,28,kobieta,eksperymentalna,lic,5.2,2,712.9,"73,4",69.2,2025-12-20,Wroclaw
475,33,F,kontrolna,magister,5.0,8,546.8,92.1,49.4,2025/10/13,Szczecin
374,34,K,EKSPERYMENTALNA,mgr,8.1,9,575.1,,68.2,2025/12/17,Poznan
161,19,mezczyzna,kontrolna,srednie,5.1,2,1886.0,72.5,81.3,26-10-2025,Krakow
810,21,F,eksperymentalna,magister,8.7,999,555.0,85.5,57.4,06-11-2025,Szczecin
646,35,kobieta,kontrolna,lic,5.8,6,634.9,.,"54,7",2025/10/14,Warszawa
222,35,K,KONTROLNA,lic,4.6,10,718.3,54.2,72.0,2025/12/19,Wroclaw
922,24,Male,kontrolna,licencjat,6.2,10,442.1,"69,0",51.6,2025-10-12,Krakow
32,34,Male,kontrolna,doktorat,8.4,1,759.7,88.3,81.0,2025-12-03,Poznan
365,27,kobieta,Eksperymentalna,doktorat,9.8,3,"432,2","77,6",77.1,2025-10-21,Szczecin
593,31,F,KONTROLNA,lic,8.5,2,527.0,65.2,53.3,19-11-2025,Poznan
420,22,K,kontrolna,magister,5.3,2,"555,4",50.0,82.2,2025-11-15,Szczecin
680,32,F,eksperymentalna,licencjat,9.7,5,"519,7","72,9",71.1,05-12-2025,Szczecin
313,25,mezczyzna,Eksperymentalna,magister,5.7,7,594.3,70.1,"84,9",2025-11-17,Gdansk
585,27,mezczyzna,Kontrolna,lic,7.0,10,"498,3",77.9,61.1,2025/11/18,Wroclaw
715,23,mezczyzna,kontrolna,magister,4.6,2,582.6,68.5,76.4,2025-11-09,Lodz
866,36,M,KONTROLNA,mgr,6.8,7,632.7,86.4,66.2,10-11-2025,Poznan
411,24,K,kontrolna,mgr,brak,3,589.7,.,76.6,2025-10-25,Wroclaw
574,29,kobieta,eksperymentalna,doktorat,8.5,10,473.2,"58,5",72.8,2025-10-24,Krakow
37,31,Male,kontrolna,mgr,6.7,8,513.3,65.9,56.4,11-11-2025,Wroclaw
162,34,K,eksperymentalna,doktorat,7.8,6,727.0,62.9,68.2,2025-11-20,Lublin
523,32,mezczyzna,eksperymentalna,mgr,5.6,6,605.1,68.4,56.6,2025-11-10,Krakow
275,25,K,kontrolna,doktorat,7.5,9,"417,5","66,6",69.2,05-12-2025,Warszawa
836,24,K,kontrolna,doktorat,brak,8,500.5,56.3,"62,6",2025-12-16,Szczecin
798,26,kobieta,Kontrolna,mgr,4.0,.,461.7,58.3,24.7,2025/11/02,Warszawa
156,18,K,eksperymentalna,srednie,4.3,2,"567,4","52,9",68.8,2025/12/18,Wroclaw
829,43,kobieta,Eksperymentalna,magister,7.4,2,669.5,64.9,70.7,2025/12/19,Gdansk
470,21,F,Eksperymentalna,licencjat,9.1,8,"723,0",73.9,63.6,2025-10-16,Lublin
331,26,M,EKSPERYMENTALNA,srednie,5.7,4,453.1,71.5,56.9,2025/11/26,Krakow
138,19,F,Eksperymentalna,srednie,4.6,10,626.4,57.1,"54,8",2025-10-17,Krakow
418,37,F,Eksperymentalna,lic,8.4,6,558.8,"80,2",59.5,2025/10/30,Szczecin
772,23,M,eksperymentalna,mgr,7.7,7,"414,9",83.8,64.7,04-11-2025,Szczecin
995,44,K,eksperymentalna,mgr,7.3,10,"445,1",47.0,"32,5",20-10-2025,Szczecin
667,19,M,kontrolna,mgr,4.2,4,653.2,68.2,56.4,2025-12-05,Lodz
486,23,kobieta,eksperymentalna,lic,7.4,9,626.6,72.3,68.6,2025/10/22,Krakow
256,41,F,eksperymentalna,srednie,6.7,9,563.2,56.4,84.8,12-11-2025,Gdansk
513,37,F,eksperymentalna,doktorat,9.7,3,606.5,60.7,63.1,31-10-2025,Lodz
423,37,mezczyzna,eksperymentalna,lic,5.4,7,560.7,78.2,48.3,07-10-2025,Warszawa
242,42,Male,eksperymentalna,lic,4.8,7,473.9,72.9,42.4,2025-12-12,Krakow
655,35,K,eksperymentalna,magister,7.8,5,521.7,"68,2",70.2,08-11-2025,Krakow
335,25,K,eksperymentalna,magister,5.3,10,"484,7",.,55.0,2025-11-22,Wroclaw
12,33,mezczyzna,eksperymentalna,srednie,6.2,3,"676,1",58.5,71.1,2025/11/16,Lodz
477,41,kobieta,KONTROLNA,magister,4.7,9,"615,1","38,6",82.3,2025/11/09,Wroclaw
599,38,M,kontrolna,srednie,5.5,8,695.2,"55,8",45.4,04-11-2025,Lublin
814,23,M,Eksperymentalna,lic,8.5,2,479.4,83.4,45.9,09-10-2025,Krakow
907,18,mezczyzna,EKSPERYMENTALNA,srednie,7.0,6,610.2,70.7,51.1,19-11-2025,Warszawa
700,35,F,eksperymentalna,mgr,5.3,1,"554,5",67.0,"85,2",2025/11/27,Gdansk
735,44,M,kontrolna,lic,7.1,999,675.5,53.1,59.7,21-11-2025,Warszawa
297,35,M,Eksperymentalna,licencjat,5.9,1,455.3,"59,4",56.5,04-11-2025,Gdansk
906,30,M,kontrolna,lic,9.1,3,425.9,80.4,67.1,14-12-2025,Gdansk
211,35,mezczyzna,kontrolna,lic,6.6,1,663.7,54.9,74.6,2025/10/19,Lublin
33,20,F,kontrolna,lic,5.4,8,"462,9",70.2,59.7,2025/10/31,Warszawa
336,18,mezczyzna,eksperymentalna,srednie,4.1,9,394.4,"71,0",29.0,01-11-2025,Krakow
429,35,M,eksperymentalna,lic,6.7,7,"490,0","56,1",60.5,21-10-2025,Krakow
901,35,M,Eksperymentalna,mgr,8.1,6,368.1,63.6,73.2,29-11-2025,Warszawa
40,34,K,eksperymentalna,doktorat,4.7,8,572.7,"48,3",70.2,10-10-2025,Warszawa
958,39,M,kontrolna,lic,4.3,5,571.1,48.7,64.9,2025/10/01,Lublin
15,45,K,EKSPERYMENTALNA,doktorat,6.2,.,"496,5",52.7,"64,0",2025/10/02,Poznan
4,40,M,kontrolna,licencjat,7.6,7,688.3,"76,9",64.3,2025-10-04,Lublin
483,27,Male,kontrolna,srednie,7.8,1,"664,8",74.9,79.6,2025/12/03,Gdansk
485,37,F,eksperymentalna,mgr,7.1,7,642.9,"52,0",46.8,2025-12-09,Warszawa
672,43,F,Eksperymentalna,doktorat,4.1,2,430.7,999,"63,8",02-11-2025,Szczecin
91,44,F,Eksperymentalna,mgr,9.2,6,407.1,"64,5",62.1,2025/10/17,Wroclaw
447,32,kobieta,kontrolna,licencjat,5.4,1,540.3,999,70.8,16-10-2025,Krakow
386,28,F,eksperymentalna,mgr,4.3,5,1255.9,42.1,71.8,2025/12/16,Poznan
5,33,kobieta,kontrolna,doktorat,9.6,3,453.1,"70,5",85.9,29-11-2025,Krakow
973,35,mezczyzna,EKSPERYMENTALNA,licencjat,8.6,6,592.0,68.2,"77,9",2025-12-01,Szczecin
353,34,F,eksperymentalna,licencjat,6.3,8,492.0,61.9,63.8,2025/11/30,Lublin
908,41,Male,Eksperymentalna,magister,6.9,6,450.9,"58,8",71.4,2025/11/21,Lublin
794,43,K,Kontrolna,magister,7.0,1,754.6,63.2,55.9,2025/11/23,Wroclaw
100,38,kobieta,kontrolna,srednie,7.7,10,1965.0,59.7,71.3,2025-11-29,Gdansk
466,42,F,eksperymentalna,magister,8.0,7,547.8,36.5,66.5,31-10-2025,Szczecin
317,26,K,Eksperymentalna,mgr,8.5,5,510.3,90.9,74.9,2025-11-10,Szczecin
954,23,M,eksperymentalna,lic,8.5,6,"713,7",85.5,60.6,13-11-2025,Warszawa
406,28,M,eksperymentalna,mgr,7.5,2,420.8,66.1,59.3,05-11-2025,Wroclaw
286,40,mezczyzna,eksperymentalna,srednie,8.6,10,501.6,64.8,62.8,2025/10/16,Poznan
451,43,mezczyzna,EKSPERYMENTALNA,srednie,4.2,10,668.4,"42,0",47.4,2025-10-13,Krakow
473,23,M,EKSPERYMENTALNA,magister,6.6,7,341.1,57.5,64.2,2025/11/28,Poznan
904,38,F,KONTROLNA,lic,9.7,8,435.8,85.5,66.4,23-10-2025,Krakow
792,31,M,KONTROLNA,srednie,7.8,2,573.5,100.0,73.6,01-11-2025,Lodz
615,42,F,kontrolna,lic,9.8,1,493.3,"86,1",88.3,2025-11-29,Poznan
314,34,M,kontrolna,licencjat,8.2,6,537.2,70.6,79.3,08-10-2025,Lodz
326,19,kobieta,kontrolna,doktorat,8.8,3,468.0,"64,1","70,6",2025/11/07,Poznan
198,31,F,Kontrolna,magister,,4,398.7,74.8,83.6,11-12-2025,Lodz
522,25,kobieta,Kontrolna,srednie,6.0,7,599.2,74.1,"62,7",2025-12-15,Szczecin
637,18,mezczyzna,kontrolna,mgr,5.4,4,601.4,76.1,60.7,2025/12/01,Gdansk
534,32,K,kontrolna,licencjat,5.7,7,677.8,58.4,39.6,13-11-2025,Krakow
220,24,M,kontrolna,magister,6.5,2,419.8,88.9,87.3,08-12-2025,Lodz
404,29,Male,eksperymentalna,srednie,7.0,1,"454,5",70.5,"67,6",05-10-2025,Wroclaw
591,30,K,kontrolna,lic,4.7,8,"551,8",77.8,59.4,16-10-2025,Lodz
582,20,F,kontrolna,magister,4.2,10,732.5,37.8,52.4,10-12-2025,Lodz
408,33,mezczyzna,EKSPERYMENTALNA,licencjat,8.6,10,548.8,"45,5",70.8,16-10-2025,Warszawa
259,18,K,kontrolna,licencjat,6.7,10,554.3,64.1,65.3,2025/11/06,Krakow
980,41,Male,EKSPERYMENTALNA,lic,5.9,3,647.5,69.2,"63,1",2025/12/10,Lublin
419,41,kobieta,eksperymentalna,magister,4.8,5,518.8,44.8,70.1,2025-11-30,Lodz
711,33,F,eksperymentalna,licencjat,5.2,1,"444,4",83.8,74.8,2025/11/19,Poznan
424,30,F,kontrolna,magister,8.8,2,605.0,84.1,67.0,11-10-2025,Poznan
254,45,mezczyzna,EKSPERYMENTALNA,lic,8.1,10,"558,5",62.5,65.6,13-12-2025,Lublin
530,34,M,kontrolna,mgr,9.6,1,572.1,74.3,"66,9",2025-12-09,Warszawa
874,30,M,KONTROLNA,doktorat,9.5,,366.7,75.0,75.9,2025-11-12,Szczecin
445,40,mezczyzna,eksperymentalna,doktorat,5.6,3,575.6,42.9,81.1,2025-10-10,Gdansk
460,40,Male,eksperymentalna,lic,4.5,10,484.0,48.0,"55,4",15-10-2025,Szczecin
648,39,F,Kontrolna,doktorat,8.9,9,"763,0",55.3,73.6,2025-10-10,Szczecin
575,36,M,KONTROLNA,magister,7.4,10,625.9,40.9,"83,1",2025-12-03,Wroclaw
888,23,Male,Eksperymentalna,srednie,7.2,3,381.2,.,71.3,2025/12/05,Wroclaw
459,26,mezczyzna,eksperymentalna,lic,6.4,1,277.8,59.9,69.6,2025-10-22,Gdansk
108,38,K,eksperymentalna,licencjat,8.6,2,490.6,65.8,58.0,2025/12/02,Lodz
174,25,K,kontrolna,lic,5.7,1,704.1,"76,4","53,7",09-10-2025,Lublin
650,36,kobieta,eksperymentalna,licencjat,4.1,1,760.3,67.8,75.1,2025-12-15,Poznan
28,40,K,kontrolna,magister,9.5,2,438.9,66.7,"65,2",12-12-2025,Gdansk
21,41,M,eksperymentalna,lic,6.9,9,336.2,76.1,61.6,2025-12-10,Gdansk
355,27,mezczyzna,eksperymentalna,magister,4.9,8,628.3,49.0,51.8,2025/12/03,Krakow
597,26,F,eksperymentalna,doktorat,NA,5,378.5,62.9,77.2,13-10-2025,Krakow
280,18,kobieta,eksperymentalna,lic,8.6,4,475.6,76.1,63.7,28-10-2025,Gdansk
632,29,kobieta,Kontrolna,lic,5.2,7,477.6,39.1,48.7,2025-11-01,Warszawa
692,42,mezczyzna,EKSPERYMENTALNA,srednie,brak,1,500.8,82.6,"74,3",2025-11-16,Warszawa
479,38,K,eksperymentalna,srednie,7.7,7,538.8,65.0,75.7,2025/10/04,Lodz
182,28,mezczyzna,eksperymentalna,doktorat,7.4,2,453.7,63.4,59.1,17-12-2025,Lodz
330,35,Male,kontrolna,mgr,8.2,10,665.2,64.2,59.2,2025-11-17,Warszawa
267,40,mezczyzna,eksperymentalna,srednie,5.5,4,494.2,"65,8","57,1",08-10-2025,Szczecin
741,27,K,kontrolna,magister,7.5,3,595.2,79.6,61.1,2025-11-23,Wroclaw
823,32,Male,eksperymentalna,mgr,9.3,9,472.9,70.0,70.6,13-11-2025,Gdansk
19,44,Male,Eksperymentalna,magister,8.7,6,532.0,86.4,88.5,2025/10/03,Gdansk
176,18,mezczyzna,eksperymentalna,srednie,8.8,.,539.1,100.0,71.6,02-10-2025,Lodz
896,18,F,kontrolna,srednie,8.3,3,628.7,"63,2",85.8,2025-10-17,Poznan
340,43,kobieta,kontrolna,srednie,9.3,1,546.9,94.5,"84,4",2025/10/02,Krakow
521,21,Male,eksperymentalna,srednie,4.3,2,515.0,80.2,54.0,07-10-2025,Wroclaw
428,40,F,eksperymentalna,srednie,9.0,4,582.2,73.6,84.5,2025-12-09,Warszawa
891,19,F,kontrolna,mgr,NA,10,663.8,67.6,38.9,2025-11-07,Szczecin
219,22,Male,eksperymentalna,lic,4.0,3,711.5,56.3,"58,0",17-10-2025,Krakow
562,39,M,kontrolna,doktorat,6.5,7,"489,8",50.7,49.9,2025/12/08,Warszawa
31,41,K,eksperymentalna,lic,8.4,5,607.2,64.6,72.0,2025/12/01,Krakow
946,37,mezczyzna,Eksperymentalna,licencjat,NA,1,719.5,58.0,87.5,2025/12/17,Wroclaw
834,24,kobieta,kontrolna,lic,5.1,8,563.2,34.1,61.5,2025/11/22,Lodz
870,28,Male,EKSPERYMENTALNA,doktorat,4.6,10,"644,8",49.7,76.3,01-12-2025,Gdansk
766,42,K,KONTROLNA,srednie,7.6,2,774.6,"64,7",87.3,20-11-2025,Lublin
149,42,Male,kontrolna,licencjat,4.1,2,"485,7",87.5,78.7,2025/11/21,Warszawa
550,19,F,kontrolna,doktorat,5.8,6,577.8,73.0,47.0,2025/11/01,Warszawa
702,28,F,eksperymentalna,magister,7.9,1,"683,9","73,6",72.9,2025/11/21,Lodz
443,26,kobieta,kontrolna,mgr,5.6,3,714.2,,64.7,2025-12-18,Lublin
276,37,M,Kontrolna,lic,5.9,7,470.4,50.2,"53,9",09-11-2025,Krakow
889,29,kobieta,eksperymentalna,srednie,9.7,999,540.5,80.8,76.7,12-12-2025,Lodz
993,21,mezczyzna,kontrolna,doktorat,5.4,,401.6,"62,2",74.8,2025/12/10,Wroclaw
674,38,kobieta,EKSPERYMENTALNA,magister,4.5,9,742.2,59.8,59.4,2025-10-23,Krakow
587,44,F,kontrolna,doktorat,6.4,4,616.5,66.8,56.2,2025/12/02,Lodz
1000,39,mezczyzna,kontrolna,magister,6.4,7,522.0,74.7,"58,9",01-12-2025,Lodz
377,41,mezczyzna,eksperymentalna,magister,8.8,6,672.6,65.9,64.8,2025-10-06,Lodz
531,36,Male,eksperymentalna,mgr,6.8,10,447.3,60.2,46.0,2025-11-25,Wroclaw
710,40,Male,KONTROLNA,licencjat,9.1,10,643.7,60.0,78.5,09-10-2025,Gdansk
283,30,kobieta,Kontrolna,magister,5.5,8,513.8,47.3,58.5,2025/12/20,Krakow
379,27,F,kontrolna,mgr,7.5,10,559.2,"58,8","75,3",2025/10/05,Lodz
326,19,kobieta,kontrolna,doktorat,8.8,3,468.0,"64,1","70,6",2025/11/07,Poznan
85,44,kobieta,Kontrolna,mgr,6.2,4,"584,4","79,5",81.5,2025-12-13,Wroclaw
931,32,Male,kontrolna,magister,4.8,10,396.3,36.9,34.2,2025/11/24,Poznan
53,24,Male,EKSPERYMENTALNA,doktorat,7.1,6,610.9,"77,0",62.8,2025/12/03,Gdansk
26,31,Male,kontrolna,doktorat,8.7,4,1975.8,71.1,75.3,17-12-2025,Gdansk
169,39,M,eksperymentalna,lic,9.6,7,442.5,93.2,78.8,2025/12/07,Lodz
109,45,K,kontrolna,doktorat,8.9,10,619.0,"64,1",61.7,31-10-2025,Szczecin
855,32,F,kontrolna,mgr,9.3,9,453.2,55.4,54.5,2025/11/01,Lublin
608,20,Male,kontrolna,mgr,4.2,4,686.8,61.3,61.9,14-11-2025,Gdansk
382,29,K,kontrolna,mgr,5.3,3,487.2,72.3,"61,4",2025/11/10,Krakow
576,39,F,EKSPERYMENTALNA,licencjat,6.0,6,"506,2",73.2,65.0,08-11-2025,Wroclaw
455,30,M,kontrolna,magister,5.4,6,571.3,"58,1",58.7,22-11-2025,Lodz
770,18,Male,Kontrolna,doktorat,4.0,8,610.6,"74,9","61,3",2025/10/06,Gdansk
573,18,kobieta,KONTROLNA,magister,7.8,9,439.4,,75.7,2025/11/02,Poznan
203,43,kobieta,EKSPERYMENTALNA,lic,4.7,1,633.5,,75.5,2025-12-15,Lublin
843,18,mezczyzna,eksperymentalna,doktorat,6.5,2,619.4,"69,8",47.2,2025/12/20,Gdansk
471,43,Male,Eksperymentalna,srednie,7.9,8,375.9,"62,1","64,2",2025-10-25,Wroclaw
850,29,Male,eksperymentalna,doktorat,6.4,8,598.2,"57,4",66.8,2025-12-15,Krakow
232,33,Male,eksperymentalna,magister,5.2,8,707.4,57.8,"50,6",28-10-2025,Poznan
875,20,Male,eksperymentalna,mgr,4.8,8,613.8,30.9,"52,4",2025/10/04,Lublin
152,22,Male,kontrolna,mgr,7.4,6,683.3,87.4,66.1,2025/11/24,Szczecin
192,19,Male,eksperymentalna,licencjat,6.6,6,"400,7",62.6,54.4,2025-12-20,Szczecin
202,41,mezczyzna,KONTROLNA,doktorat,8.5,4,476.4,74.7,62.0,2025-11-10,Wroclaw
496,42,K,kontrolna,srednie,5.2,9,648.5,48.2,57.3,2025/11/27,Wroclaw
151,45,mezczyzna,kontrolna,lic,9.1,1,"629,2",61.9,62.6,02-12-2025,Wroclaw
861,41,Male,Eksperymentalna,doktorat,8.2,4,542.3,84.5,66.3,2025-10-01,Poznan
970,42,Male,eksperymentalna,mgr,5.2,2,382.5,68.5,76.3,10-10-2025,Lublin
668,44,mezczyzna,EKSPERYMENTALNA,magister,brak,2,572.7,65.2,81.0,2025/11/16,Wroclaw
556,38,K,eksperymentalna,licencjat,7.2,3,524.9,60.6,"76,7",16-10-2025,Warszawa
538,35,M,kontrolna,lic,9.6,8,536.0,55.1,68.1,04-10-2025,Krakow
38,24,Male,kontrolna,lic,9.0,5,739.1,76.8,73.8,2025-10-18,Lublin
272,40,F,eksperymentalna,magister,4.0,3,313.8,59.9,"54,8",20-10-2025,Wroclaw
761,32,mezczyzna,eksperymentalna,srednie,9.8,10,"626,2","92,6",73.6,2025/10/01,Poznan
925,23,Male,Kontrolna,magister,4.0,9,546.2,41.9,"45,1",14-12-2025,Lublin
42,32,mezczyzna,eksperymentalna,mgr,5.3,2,621.5,62.9,67.6,18-10-2025,Gdansk
820,19,mezczyzna,kontrolna,licencjat,6.6,9,667.0,69.5,46.0,2025-10-04,Krakow
318,45,M,kontrolna,srednie,6.0,2,"634,8",80.0,76.6,2025-12-14,Lodz
72,19,mezczyzna,KONTROLNA,doktorat,6.3,3,"590,9",73.2,62.7,2025/11/20,Krakow
847,28,mezczyzna,kontrolna,mgr,4.3,9,"666,2",84.7,63.4,2025-10-03,Poznan
352,19,K,kontrolna,mgr,8.9,5,389.7,"51,7",71.7,2025-11-04,Lublin
939,31,Male,kontrolna,lic,4.5,2,"628,7",70.0,55.9,2025-11-19,Krakow
90,45,mezczyzna,kontrolna,lic,4.5,3,495.1,"68,1",48.9,01-12-2025,Wroclaw
598,44,kobieta,Kontrolna,mgr,4.5,3,707.3,"60,4",62.4,2025-11-07,Lodz
516,20,mezczyzna,KONTROLNA,lic,8.5,5,450.0,67.4,59.7,06-12-2025,Warszawa
541,40,M,EKSPERYMENTALNA,lic,7.4,6,467.8,"61,7",81.3,2025-12-18,Szczecin
996,44,mezczyzna,kontrolna,mgr,7.8,7,416.1,"73,3","60,6",08-10-2025,Lublin
579,21,Male,kontrolna,lic,8.0,9,636.7,57.2,67.5,2025-10-31,Lodz
882,22,kobieta,eksperymentalna,srednie,4.3,7,"579,9",57.1,43.5,2025/10/16,Wroclaw
83,22,M,kontrolna,magister,5.4,10,511.5,51.9,"52,9",2025/11/05,Gdansk
932,32,Male,kontrolna,mgr,9.3,3,"589,5",88.4,78.4,2025/11/11,Wroclaw
357,19,F,eksperymentalna,srednie,4.6,2,612.4,"58,4",50.0,2025-11-14,Lublin
947,45,mezczyzna,kontrolna,lic,7.7,4,653.5,"73,0",61.4,2025-10-17,Krakow
81,43,K,kontrolna,srednie,9.8,3,429.1,90.6,59.7,2025-12-09,Lodz
853,43,kobieta,kontrolna,mgr,7.6,2,"460,3",81.0,100.0,2025/10/08,Gdansk
478,26,kobieta,kontrolna,lic,9.2,9,546.6,54.9,56.7,15-12-2025,Krakow
785,41,F,Kontrolna,licencjat,9.8,5,655.0,92.5,64.9,2025-10-04,Krakow
620,45,F,kontrolna,magister,5.4,3,"737,9",58.3,"66,8",08-10-2025,Poznan
264,23,Male,EKSPERYMENTALNA,licencjat,8.5,9,465.6,58.6,69.3,2025/10/06,Szczecin
974,24,F,eksperymentalna,lic,8.3,6,340.2,72.3,46.5,2025-12-15,Warszawa
417,29,kobieta,eksperymentalna,licencjat,6.9,2,542.4,"81,5","79,7",29-11-2025,Krakow
520,26,mezczyzna,Kontrolna,doktorat,5.0,10,"547,1","50,4",48.6,2025-10-26,Krakow
482,23,K,KONTROLNA,srednie,6.9,10,488.9,61.1,56.1,2025-10-24,Szczecin
991,33,K,kontrolna,lic,5.6,10,536.9,78.4,61.8,19-12-2025,Krakow
178,22,kobieta,kontrolna,doktorat,6.4,2,611.6,"75,1",53.9,2025-10-19,Lodz
63,NA,kobieta,kontrolna,doktorat,4.4,5,733.0,60.0,73.1,2025/10/27,Wroclaw
35,39,M,KONTROLNA,mgr,4.7,4,560.3,.,62.4,2025-11-18,Warszawa
821,40,kobieta,kontrolna,srednie,7.2,5,600.0,84.3,68.1,2025-11-27,Warszawa
776,40,F,kontrolna,mgr,7.3,7,458.6,65.6,93.0,09-12-2025,Lublin
929,25,K,EKSPERYMENTALNA,doktorat,4.5,2,462.5,82.7,69.5,2025/10/28,Wroclaw
841,25,Male,eksperymentalna,srednie,8.2,4,545.5,86.2,55.4,2025/11/16,Lublin
69,42,F,Eksperymentalna,doktorat,5.1,9,496.8,91.6,40.7,12-12-2025,Lodz
981,21,F,eksperymentalna,licencjat,5.3,6,550.3,50.4,77.1,2025/11/08,Warszawa
3,43,mezczyzna,Eksperymentalna,lic,9.7,3,"580,3",60.1,100.0,23-10-2025,Wroclaw
775,45,K,eksperymentalna,srednie,7.8,4,1154.1,90.2,59.7,2025-11-22,Gdansk
189,21,mezczyzna,KONTROLNA,srednie,6.6,3,610.5,70.9,66.3,2025/11/14,Wroclaw
630,37,F,eksperymentalna,licencjat,5.0,9,793.3,60.0,61.9,2025-12-15,Lodz
604,34,M,kontrolna,srednie,4.2,1,"764,6",56.8,73.7,12-10-2025,Szczecin
440,32,F,kontrolna,lic,9.7,10,607.6,53.2,84.8,06-12-2025,Lodz
160,36,mezczyzna,eksperymentalna,licencjat,4.4,4,391.1,54.1,46.9,04-10-2025,Wroclaw
402,40,kobieta,kontrolna,mgr,4.7,9,"631,9","51,7",56.4,09-10-2025,Wroclaw
857,27,Male,kontrolna,magister,8.0,1,631.0,69.7,82.8,2025-10-24,Lublin
71,44,F,EKSPERYMENTALNA,magister,7.9,7,"507,8",60.2,73.2,2025-12-20,Szczecin
651,30,Male,eksperymentalna,lic,6.6,4,"666,0",76.9,59.7,2025-12-08,Poznan
448,25,mezczyzna,kontrolna,mgr,5.3,4,560.2,87.3,64.2,2025-10-29,Gdansk
200,44,mezczyzna,eksperymentalna,srednie,8.4,5,"411,3",,82.7,2025-12-09,Szczecin
828,28,Male,eksperymentalna,lic,5.7,4,615.1,"58,9",53.9,01-12-2025,Wroclaw
363,42,M,Kontrolna,srednie,9.2,3,647.4,.,67.3,2025-11-02,Warszawa
194,27,M,eksperymentalna,doktorat,5.1,5,"588,4",48.2,"61,6",2025-10-03,Wroclaw
979,29,F,kontrolna,magister,6.8,4,"718,5",73.8,79.4,2025-12-03,Lodz
887,36,F,eksperymentalna,licencjat,6.5,9,673.3,60.0,"66,0",30-10-2025,Warszawa
789,28,K,eksperymentalna,doktorat,8.2,8,392.9,"76,9",63.8,05-12-2025,Warszawa
911,35,M,Eksperymentalna,licencjat,6.4,6,572.4,65.0,58.6,2025-12-03,Poznan
863,45,F,eksperymentalna,lic,4.6,1,"624,9",85.8,"62,7",2025-10-19,Warszawa
425,,kobieta,kontrolna,doktorat,8.2,5,"421,6",58.8,56.7,2025/12/01,Lodz
719,23,K,eksperymentalna,magister,7.2,3,608.3,87.7,72.2,28-10-2025,Warszawa
844,31,K,kontrolna,srednie,7.5,7,612.1,48.4,57.0,14-10-2025,Lublin
116,42,F,kontrolna,doktorat,9.3,7,748.2,80.6,65.7,12-12-2025,Warszawa
497,31,K,eksperymentalna,mgr,8.6,6,410.1,61.1,62.8,2025/10/07,Lodz
39,39,Male,kontrolna,mgr,6.8,5,638.5,69.6,69.7,19-10-2025,Lodz
584,32,mezczyzna,eksperymentalna,srednie,8.1,5,451.5,74.7,76.6,23-11-2025,Krakow
544,34,kobieta,kontrolna,magister,6.7,8,599.7,73.9,57.5,2025/11/06,Lodz
215,35,M,kontrolna,licencjat,6.6,8,592.6,"58,3","46,8",2025/10/08,Wroclaw
803,24,kobieta,kontrolna,magister,7.7,5,"393,0",75.6,88.7,2025/10/04,Szczecin
894,27,mezczyzna,kontrolna,licencjat,7.0,9,"590,6",42.5,67.2,21-11-2025,Warszawa
427,19,kobieta,kontrolna,mgr,8.1,5,601.5,95.2,"59,2",2025/11/27,Poznan
737,44,K,Eksperymentalna,srednie,8.3,1,467.8,79.2,60.4,2025-10-05,Gdansk
540,41,M,eksperymentalna,magister,NA,10,302.3,"80,3",44.7,2025/10/26,Lodz
688,30,M,eksperymentalna,mgr,4.2,1,528.1,71.8,58.4,28-11-2025,Lodz
978,20,Male,kontrolna,srednie,4.1,2,521.0,"63,2","51,8",2025/10/22,Gdansk
190,18,kobieta,Eksperymentalna,mgr,7.8,2,"615,6",64.5,"77,3",2025/11/29,Lodz
206,20,Male,kontrolna,mgr,7.0,2,622.6,57.0,73.4,2025-11-03,Wroclaw
652,,kobieta,eksperymentalna,lic,6.3,6,578.9,"37,2",59.6,20-12-2025,Szczecin
327,28,M,kontrolna,mgr,6.3,8,624.8,,62.3,2025-11-12,Krakow
757,41,kobieta,eksperymentalna,magister,7.8,6,"503,8",67.4,55.8,2025-12-01,Wroclaw
385,19,kobieta,eksperymentalna,licencjat,8.9,5,"510,7",86.0,57.5,16-11-2025,Poznan
70,19,F,eksperymentalna,mgr,7.6,6,"523,1",42.9,45.7,13-11-2025,Szczecin
948,44,F,kontrolna,licencjat,5.9,3,"547,2",61.7,60.5,02-11-2025,Warszawa
561,33,K,kontrolna,mgr,7.2,2,587.3,82.1,"62,4",2025-10-09,Poznan
103,22,Male,eksperymentalna,licencjat,5.5,2,488.8,76.3,71.4,2025-11-07,Szczecin
378,43,Male,Kontrolna,srednie,4.5,9,629.9,71.9,46.2,2025-12-13,Krakow
712,44,kobieta,kontrolna,lic,9.4,7,702.7,54.0,78.3,2025-10-05,Lodz
141,35,M,eksperymentalna,magister,8.8,5,537.5,75.5,73.9,2025-11-02,Warszawa
46,35,Male,eksperymentalna,mgr,6.6,6,1126.8,69.6,73.8,2025/12/06,Wroclaw
786,21,kobieta,eksperymentalna,srednie,5.8,4,"585,6",69.1,60.8,2025-11-08,Lodz
677,23,kobieta,KONTROLNA,magister,9.4,6,569.1,"61,7",51.4,20-10-2025,Wroclaw
827,41,Male,EKSPERYMENTALNA,licencjat,7.5,1,623.3,79.1,69.2,2025/11/29,Poznan
917,23,Male,kontrolna,mgr,4.4,10,492.9,44.9,45.1,31-10-2025,Lodz
993,21,mezczyzna,kontrolna,doktorat,5.4,,401.6,"62,2",74.8,2025/12/10,Wroclaw
976,18,mezczyzna,Kontrolna,magister,6.0,5,"523,8",73.4,49.9,29-10-2025,Lodz
312,22,Male,kontrolna,doktorat,9.3,4,665.7,76.1,70.8,2025-10-30,Warszawa
959,25,M,KONTROLNA,licencjat,7.3,7,427.8,"78,2",76.2,2025-11-03,Poznan
17,29,F,eksperymentalna,mgr,9.2,1,685.9,62.1,76.1,2025-10-01,Lodz
499,31,K,kontrolna,mgr,7.2,8,806.1,"61,0",53.8,2025/11/19,Lodz
633,18,mezczyzna,eksperymentalna,licencjat,4.2,1,443.6,68.8,78.0,20-10-2025,Wroclaw
358,23,mezczyzna,eksperymentalna,lic,8.7,7,570.5,57.1,"62,6",23-11-2025,Lublin
710,40,Male,KONTROLNA,licencjat,9.1,10,643.7,60.0,78.5,09-10-2025,Gdansk
565,43,K,eksperymentalna,magister,8.8,10,538.5,59.1,52.6,17-12-2025,Lublin
186,37,Male,Eksperymentalna,mgr,4.5,4,613.9,50.7,46.8,11-12-2025,Lublin
675,34,Male,eksperymentalna,magister,8.3,5,455.7,93.7,69.2,2025-10-27,Poznan
129,26,mezczyzna,eksperymentalna,licencjat,6.9,4,469.5,78.5,69.0,2025/10/05,Wroclaw
910,29,Male,eksperymentalna,licencjat,4.6,3,"645,2",54.4,75.4,14-12-2025,Poznan
133,30,F,eksperymentalna,srednie,4.1,,353.9,42.1,27.1,2025/11/04,Poznan
364,45,F,kontrolna,srednie,5.0,10,429.1,44.5,61.9,2025-11-20,Krakow
641,18,K,kontrolna,licencjat,6.3,1,616.5,56.7,53.2,14-12-2025,Szczecin
