employee_id,first_name,last_name,department,city,age,salary_pln,bonus_pct,performance_score,projects_count,remote_days,hire_date,is_manager,contract_type
1,Szymon,Zielinski,sales,Wroclaw,31,12928.65,0.076,4.23,9,1,2021-02-09,0,Zlecenie
2,Marta,Kowalski,hr,Krakow,25,9648.33,0.068,3.28,8,13,2024-10-02,0,UoP
3,Iga,Kaczmarek,hr,Poznan,23,10907.36,0.166,2.76,4,13,2020-05-17,1,UoP
4,Roksana,Mazur,ops,Wroclaw,55,10229.72,0.011,3.06,8,0,2023-05-31,1,UoP
5,Celina,Kaczmarek,analytics,Poznan,57,8448.04,0.163,2.6,1,5,2024-05-26,0,UoP
6,Gabriela,Kaczmarek,product,Krakow,38,15048.89,0.03,4.48,3,7,2019-11-01,1,B2B
7,Daniel,Zielinski,it,Wroclaw,48,14225.72,0.034,3.22,9,18,2022-10-31,0,UoP
8,Iga,Mazur,it,Szczecin,52,13160.43,0.131,4.74,7,6,2023-11-22,1,UoP
9,Bartek,Piotrowski,research,Szczecin,45,9117.34,0.106,3.78,6,16,2018-05-25,0,UoP
10,Alicja,Wojcik,analytics,Wroclaw,41,9636.84,0.235,3.73,10,0,2018-11-14,0,B2B
11,Gabriela,Wojcik,research,Wroclaw,43,12164.23,0.107,3.48,1,0,2023-08-01,0,UoP
12,Tomasz,Mazur,it,Lublin,23,14469.92,0.066,3.68,8,8,2018-12-11,1,UoP
13,Ola,Mazur,finance,Lublin,52,15330.77,0.127,3.22,7,4,2023-01-01,0,UoP
14,Patryk,Zielinski,sales,Lublin,51,10034.48,0.041,3.47,3,18,2024-12-17,0,B2B
15,Alicja,Wojcik,research,Wroclaw,47,4954.65,0.218,2.46,4,9,2024-10-31,0,B2B
16,Alicja,Krawczyk,it,Gdansk,54,12269.76,0.077,2.46,11,17,2024-01-27,0,UoP
17,Nikodem,Grabowska,hr,Poznan,56,11330.78,0.086,4.05,7,5,2021-07-05,0,B2B
18,Marta,Wisniewski,ops,Krakow,31,12673.28,0.196,3.87,11,10,2023-04-20,0,UoP
19,Tomasz,Mazur,product,Krakow,31,15670.59,0.155,4.29,9,17,2020-11-29,0,Zlecenie
20,Celina,Kowalski,hr,Poznan,37,12762.84,0.071,2.65,11,0,2019-10-22,1,UoP
21,Ola,Wisniewski,research,Lodz,44,12753.15,0.097,3.89,2,12,2021-12-25,0,UoP
22,Celina,Kaczmarek,finance,Wroclaw,22,13314.46,0.075,2.37,5,10,2023-02-19,0,B2B
23,Daniel,Krawczyk,hr,Gdansk,23,11553.95,0.139,4.55,6,11,2024-11-29,0,UoP
24,Hubert,Krawczyk,research,Lublin,52,9546.01,0.189,4.73,9,1,2022-12-21,0,B2B
25,Jan,Piotrowski,ops,Lodz,46,12507.66,0.118,3.8,1,6,2021-06-29,0,B2B
26,Ola,Wisniewski,product,Lodz,58,12718.22,0.087,3.48,4,5,2022-08-30,0,UoP
27,Ola,Nowak,research,Lublin,47,10866.68,0.12,3.24,2,9,2023-07-24,0,B2B
28,Gabriela,Grabowska,it,Lublin,24,14473.6,0.117,3.36,6,0,2020-01-14,1,Zlecenie
29,Jan,Wisniewski,it,Gdansk,42,13181.9,0.169,4.06,3,4,2023-04-12,0,UoP
30,Wiktoria,Zielinski,research,Gdansk,57,9744.18,0.158,2.56,2,19,2020-04-29,1,UoP
31,Hubert,Mazur,ops,Krakow,28,12993.88,0.21,2.47,7,16,2021-11-18,0,UoP
32,Ewa,Kowalski,research,Gdansk,42,8346.41,0.178,4.11,2,18,2020-08-28,1,UoP
33,Ola,Kaczmarek,analytics,Gdansk,32,8949.84,0.108,4.22,11,8,2021-12-28,1,UoP
34,Marta,Grabowska,finance,Warszawa,31,9902.07,0.156,2.42,3,7,2020-07-18,0,B2B
35,Gabriela,Piotrowski,ops,Gdansk,58,15268.91,0.13,2.51,5,12,2018-10-24,0,B2B
36,Ola,Nowak,sales,Wroclaw,24,8912.72,0.207,3.14,7,16,2019-01-31,0,UoP
37,Karolina,Wojcik,sales,Warszawa,53,9972.33,0.208,2.08,4,7,2022-07-30,0,Zlecenie
38,Jan,Mazur,hr,Krakow,54,11761.78,0.002,3.95,6,17,2024-08-21,0,UoP
39,Hubert,Mazur,product,Gdansk,41,11730.08,0.051,4.04,7,16,2021-08-05,1,Zlecenie
40,Karolina,Nowak,research,Krakow,49,13754.78,0.208,4.91,3,4,2023-08-25,1,Zlecenie
41,Nikodem,Kowalski,product,Wroclaw,53,11995.36,0.114,4.36,2,18,2023-07-11,0,UoP
42,Bartek,Kowalski,sales,Poznan,56,11679.47,0.234,4.38,5,0,2018-06-10,1,UoP
43,Tomasz,Wisniewski,finance,Krakow,50,11996.49,0.115,3.86,11,9,2024-06-15,0,UoP
44,Gabriela,Nowak,it,Wroclaw,51,14088.41,0.163,3.18,10,18,2021-03-30,0,UoP
45,Roksana,Wojcik,product,Krakow,46,12845.79,0.055,2.16,9,13,2018-03-05,0,UoP
46,Gabriela,Wojcik,hr,Krakow,57,11526.97,0.224,2.87,9,9,2023-05-09,0,Zlecenie
47,Karolina,Krawczyk,sales,Gdansk,48,12324.92,0.181,4.39,6,13,2023-06-30,1,UoP
48,Nikodem,Grabowska,research,Poznan,30,10582.7,0.239,2.19,5,0,2018-08-15,1,UoP
49,Bartek,Grabowska,finance,Krakow,46,13843.93,0.154,4.76,8,18,2019-08-11,0,UoP
50,Ola,Wojcik,finance,Poznan,52,14557.86,0.21,3.66,1,6,2018-09-02,0,UoP
51,Wiktoria,Kaczmarek,sales,Lublin,36,8968.25,0.036,4.21,6,9,2018-11-29,0,UoP
52,Wiktoria,Wojcik,ops,Szczecin,39,11402.16,0.012,2.46,9,5,2024-12-13,1,UoP
53,Hubert,Grabowska,finance,Warszawa,44,15894.43,0.002,4.53,2,9,2020-01-01,0,B2B
54,Daniel,Piotrowski,product,Lodz,30,11944.4,0.201,4.79,8,14,2019-09-06,0,UoP
55,Wiktoria,Zielinski,ops,Lublin,36,10707.11,0.178,4.06,3,12,2020-04-11,0,UoP
56,Bartek,Kaczmarek,ops,Gdansk,53,11553.56,0.167,2.8,4,14,2023-12-07,0,UoP
57,Filip,Krawczyk,it,Warszawa,42,12638.2,0.201,4.09,5,12,2020-10-07,0,UoP
58,Ewa,Piotrowski,finance,Gdansk,58,11857.34,0.178,4.75,8,4,2018-01-29,0,UoP
59,Ewa,Mazur,analytics,Wroclaw,22,8949.27,0.034,3.33,11,16,2022-09-05,0,UoP
60,Celina,Grabowska,it,Lodz,42,11827.59,0.202,3.46,4,8,2024-02-07,0,UoP
61,Celina,Zielinski,sales,Krakow,57,8928.13,0.221,4.43,11,20,2022-10-10,0,B2B
62,Daniel,Nowak,it,Poznan,31,14310.33,0.168,2.77,11,6,2020-05-06,0,UoP
63,Daniel,Grabowska,analytics,Wroclaw,52,9323.04,0.133,2.23,4,17,2018-03-16,1,UoP
64,Gabriela,Zielinski,sales,Lublin,46,11817.12,0.072,3.11,7,20,2021-08-03,0,UoP
65,Tomasz,Wojcik,finance,Lodz,38,10960.44,0.067,2.78,10,18,2023-11-14,0,UoP
66,Filip,Piotrowski,hr,Lodz,31,11217.96,0.19,2.24,10,18,2022-03-08,0,UoP
67,Ewa,Krawczyk,it,Lodz,58,13258.68,0.001,4.2,5,17,2022-10-17,0,UoP
68,Roksana,Mazur,ops,Warszawa,39,9912.54,0.174,4.08,9,17,2022-07-24,1,B2B
69,Ewa,Mazur,sales,Gdansk,52,11289.88,0.122,2.25,2,20,2018-05-09,0,UoP
70,Patryk,Wisniewski,it,Poznan,28,16667.08,0.119,4.16,7,16,2018-01-28,0,B2B
71,Ola,Wisniewski,hr,Krakow,44,12989.65,0.177,4.68,1,8,2022-07-18,0,UoP
72,Ewa,Nowak,product,Gdansk,35,10868.27,0.248,2.02,9,11,2018-11-10,0,UoP
73,Daniel,Kaczmarek,hr,Szczecin,22,7059.24,0.065,2.82,5,1,2019-10-05,0,UoP
74,Jan,Nowak,analytics,Wroclaw,25,8946.33,0.078,3.46,1,16,2019-04-04,1,UoP
75,Iga,Piotrowski,hr,Poznan,54,11774.83,0.12,3.73,3,14,2020-02-22,0,B2B
76,Iga,Krawczyk,finance,Warszawa,46,15372.59,0.044,2.95,7,20,2022-11-03,0,UoP
77,Roksana,Grabowska,hr,Lodz,33,12558.22,0.003,2.27,1,1,2018-09-01,0,Zlecenie
78,Patryk,Grabowska,it,Poznan,48,13670.97,0.008,3.39,10,1,2018-07-16,1,B2B
79,Marta,Wojcik,it,Lodz,26,11404.77,0.028,2.31,8,6,2024-09-26,0,UoP
80,Filip,Wisniewski,it,Wroclaw,30,12446.44,0.039,2.31,4,8,2023-11-06,0,UoP
81,Jan,Wojcik,finance,Lodz,35,15155.73,0.107,2.99,1,19,2024-05-21,1,UoP
82,Karolina,Kowalski,ops,Lublin,57,8374.95,0.226,2.18,2,13,2019-01-25,0,B2B
83,Marta,Zielinski,hr,Szczecin,26,10289.56,0.182,4.65,5,7,2021-11-11,0,Zlecenie
84,Marta,Wisniewski,it,Krakow,34,11790.66,0.228,2.54,4,16,2020-01-03,0,UoP
85,Daniel,Kaczmarek,analytics,Lublin,34,9131.86,0.132,4.54,9,16,2022-08-07,0,UoP
86,Wiktoria,Piotrowski,it,Poznan,26,14136.71,0.137,3.31,9,10,2022-07-30,0,UoP
87,Tomasz,Kowalski,research,Warszawa,44,8035.62,0.111,4.44,9,11,2024-12-22,1,B2B
88,Jan,Piotrowski,finance,Lodz,48,12607.73,0.042,3.67,11,1,2023-04-13,1,UoP
89,Jan,Kaczmarek,research,Lublin,28,13416.6,0.209,3.93,11,0,2024-03-11,0,UoP
90,Daniel,Kowalski,analytics,Gdansk,37,8703.02,0.126,4.16,7,7,2024-08-22,0,UoP
91,Iga,Wisniewski,finance,Lublin,42,15480.15,0.186,2.18,8,7,2021-10-03,0,UoP
92,Daniel,Piotrowski,hr,Lublin,36,10494.1,0.21,4.9,8,6,2023-02-12,0,UoP
93,Alicja,Mazur,finance,Lodz,37,9472.79,0.207,2.41,9,16,2022-04-16,0,UoP
94,Nikodem,Grabowska,finance,Poznan,38,14181.25,0.065,2.38,11,17,2023-01-31,0,UoP
95,Ewa,Nowak,analytics,Wroclaw,30,10325.13,0.145,2.95,6,6,2022-02-20,0,UoP
96,Roksana,Krawczyk,sales,Wroclaw,27,10497.94,0.08,3.6,5,11,2024-06-14,0,UoP
97,Wiktoria,Krawczyk,product,Gdansk,56,13399.6,0.221,2.06,3,4,2022-10-22,1,B2B
98,Marta,Wojcik,finance,Poznan,22,12919.55,0.208,3.95,9,7,2022-12-14,1,UoP
99,Celina,Mazur,it,Wroclaw,43,16122.08,0.218,4.83,11,4,2023-07-05,0,UoP
100,Karolina,Piotrowski,finance,Wroclaw,52,12517.81,0.155,3.88,9,19,2019-08-17,0,UoP
101,Marta,Piotrowski,hr,Warszawa,28,14715.32,0.232,4.24,6,15,2022-06-29,0,B2B
102,Filip,Wojcik,product,Lodz,27,14793.6,0.18,4.1,5,5,2018-09-16,0,UoP
103,Ewa,Nowak,finance,Szczecin,51,10342.64,0.21,4.36,6,10,2018-02-05,1,Zlecenie
104,Nikodem,Kaczmarek,ops,Warszawa,32,11101.18,0.242,3.08,7,4,2019-02-15,0,UoP
105,Roksana,Piotrowski,sales,Warszawa,37,7818.89,0.007,2.49,4,11,2020-01-05,0,UoP
106,Ola,Grabowska,research,Warszawa,31,10127.39,0.06,3.48,10,15,2024-05-31,0,B2B
107,Lukasz,Piotrowski,it,Szczecin,35,15095.03,0.024,3.32,1,13,2023-04-19,0,UoP
108,Patryk,Mazur,product,Lublin,47,13404.09,0.123,4.61,4,20,2024-04-13,0,UoP
109,Ola,Mazur,research,Poznan,57,7161.16,0.12,3.11,4,18,2019-03-04,0,UoP
110,Wiktoria,Kowalski,finance,Wroclaw,30,15427.55,0.114,2.92,4,14,2018-01-31,0,UoP
111,Alicja,Wojcik,it,Poznan,56,14153.4,0.095,4.85,6,14,2021-10-16,1,B2B
112,Hubert,Grabowska,finance,Lodz,31,9379.82,0.02,2.78,6,12,2021-01-26,0,Zlecenie
113,Bartek,Mazur,research,Warszawa,50,9578.8,0.071,4.18,2,16,2019-03-28,0,B2B
114,Celina,Kaczmarek,sales,Warszawa,32,10593.61,0.129,3.42,6,11,2018-09-26,0,B2B
115,Karolina,Krawczyk,research,Lodz,47,13459.58,0.0,3.45,4,4,2021-04-26,0,B2B
116,Celina,Krawczyk,finance,Gdansk,36,16100.34,0.032,3.52,6,17,2024-06-06,1,UoP
117,Iga,Zielinski,it,Warszawa,40,15524.85,0.155,3.31,9,8,2018-09-14,1,B2B
118,Ewa,Krawczyk,hr,Gdansk,49,9065.9,0.201,4.84,5,3,2021-10-03,0,B2B
119,Iga,Krawczyk,ops,Warszawa,54,14544.04,0.185,3.32,11,16,2021-11-13,1,Zlecenie
120,Alicja,Piotrowski,finance,Szczecin,42,11322.89,0.139,4.09,5,11,2021-06-06,0,UoP
121,Patryk,Kaczmarek,it,Szczecin,55,15129.27,0.066,4.96,7,7,2019-11-19,1,B2B
122,Tomasz,Wisniewski,finance,Poznan,24,10918.1,0.082,3.47,3,2,2018-09-28,0,UoP
123,Daniel,Grabowska,hr,Wroclaw,36,9150.44,0.043,2.14,5,10,2019-07-04,0,UoP
124,Hubert,Kowalski,it,Krakow,22,16109.98,0.159,2.59,3,6,2019-05-14,1,UoP
125,Bartek,Krawczyk,product,Warszawa,22,12974.03,0.019,3.49,8,3,2018-08-14,0,B2B
126,Celina,Mazur,finance,Szczecin,58,14920.33,0.136,3.4,6,15,2019-10-26,0,UoP
127,Daniel,Krawczyk,product,Wroclaw,52,12668.53,0.185,3.33,3,10,2024-07-21,0,Zlecenie
128,Patryk,Kaczmarek,ops,Poznan,36,14221.22,0.109,2.94,6,20,2018-11-20,1,UoP
129,Roksana,Krawczyk,it,Gdansk,26,14362.63,0.235,4.12,1,10,2024-06-06,1,UoP
130,Bartek,Wisniewski,analytics,Lublin,48,8788.77,0.158,4.07,11,15,2023-08-03,0,UoP
131,Lukasz,Zielinski,analytics,Gdansk,25,9341.45,0.21,3.43,2,10,2024-09-12,0,UoP
132,Ewa,Kowalski,sales,Lodz,58,10984.02,0.191,4.12,6,2,2021-11-09,0,UoP
133,Tomasz,Kowalski,sales,Poznan,38,10850.68,0.156,2.43,4,18,2020-11-19,0,UoP
134,Karolina,Piotrowski,finance,Gdansk,58,10004.78,0.249,2.88,6,18,2024-06-18,0,Zlecenie
135,Wiktoria,Krawczyk,research,Szczecin,28,12029.5,0.16,3.92,7,17,2021-04-04,0,UoP
136,Nikodem,Zielinski,it,Lodz,26,15741.58,0.093,3.45,3,14,2022-06-16,0,B2B
137,Marta,Wisniewski,sales,Lodz,54,9657.6,0.114,3.49,5,18,2021-07-01,0,B2B
138,Iga,Nowak,ops,Krakow,48,9947.7,0.153,4.27,7,8,2018-11-16,1,UoP
139,Filip,Wisniewski,product,Lodz,38,13637.23,0.01,4.0,1,15,2019-01-10,0,UoP
140,Jan,Grabowska,sales,Szczecin,50,10235.26,0.201,2.83,9,11,2019-07-15,1,UoP
141,Karolina,Wojcik,research,Poznan,25,12672.12,0.174,3.32,2,14,2021-11-10,1,UoP
142,Nikodem,Grabowska,analytics,Wroclaw,22,8777.14,0.165,3.88,4,17,2018-11-23,0,UoP
143,Hubert,Mazur,product,Lodz,31,12129.66,0.176,2.08,7,6,2024-11-04,1,UoP
144,Daniel,Kaczmarek,finance,Poznan,42,13819.84,0.222,2.44,3,16,2024-09-25,0,UoP
145,Marta,Piotrowski,research,Wroclaw,52,7802.12,0.013,4.23,8,0,2018-10-06,1,UoP
146,Szymon,Kaczmarek,sales,Wroclaw,48,9472.73,0.224,2.17,7,11,2018-03-20,0,UoP
147,Jan,Wojcik,analytics,Lodz,41,8417.9,0.021,3.97,11,6,2020-08-03,0,B2B
148,Ewa,Mazur,finance,Warszawa,35,12006.13,0.105,4.77,10,19,2020-07-29,1,UoP
149,Tomasz,Wisniewski,it,Lublin,55,13077.68,0.191,2.64,4,2,2021-03-13,0,UoP
150,Karolina,Mazur,product,Poznan,39,10709.45,0.162,3.04,8,19,2019-03-04,1,UoP
151,Bartek,Kaczmarek,finance,Lodz,53,11653.58,0.149,3.44,5,17,2024-08-30,0,UoP
152,Marta,Zielinski,research,Warszawa,56,9909.3,0.042,3.26,10,16,2020-01-06,1,Zlecenie
153,Daniel,Kowalski,sales,Lodz,57,9443.95,0.244,2.76,4,9,2022-02-24,0,B2B
154,Karolina,Grabowska,product,Warszawa,30,12955.0,0.195,4.46,8,5,2018-12-09,0,UoP
155,Gabriela,Nowak,analytics,Szczecin,27,7332.79,0.103,4.41,11,6,2020-12-21,0,UoP
156,Ola,Wojcik,it,Wroclaw,51,12662.59,0.007,2.9,6,7,2021-05-01,0,UoP
157,Gabriela,Mazur,finance,Lodz,37,14349.02,0.088,3.24,8,14,2019-07-14,1,Zlecenie
158,Celina,Wisniewski,product,Poznan,25,12689.95,0.146,2.5,4,10,2022-05-26,1,UoP
159,Tomasz,Krawczyk,product,Lodz,37,13087.14,0.23,4.73,6,11,2024-04-05,0,B2B
160,Daniel,Mazur,product,Wroclaw,40,12279.72,0.008,4.95,4,14,2021-06-10,0,UoP
161,Iga,Wojcik,product,Szczecin,58,11817.44,0.241,4.11,4,3,2019-11-05,0,UoP
162,Lukasz,Zielinski,sales,Gdansk,48,12155.53,0.211,2.44,9,15,2021-05-30,0,UoP
163,Marta,Kowalski,finance,Szczecin,32,8474.93,0.237,4.82,11,7,2018-05-21,0,UoP
164,Alicja,Grabowska,product,Lublin,30,14795.7,0.043,4.4,9,10,2023-01-25,0,UoP
165,Roksana,Kowalski,finance,Szczecin,54,15943.4,0.065,2.03,9,15,2022-05-11,0,UoP
166,Roksana,Grabowska,ops,Lublin,55,12147.96,0.092,4.64,5,17,2023-01-02,1,B2B
167,Wiktoria,Mazur,sales,Poznan,24,11865.43,0.242,4.82,6,13,2024-10-07,1,UoP
168,Ola,Kaczmarek,sales,Wroclaw,29,6544.35,0.087,2.98,11,5,2022-04-21,0,B2B
169,Filip,Nowak,research,Warszawa,25,8642.01,0.122,3.73,11,20,2018-07-21,0,UoP
170,Gabriela,Krawczyk,analytics,Krakow,43,8355.02,0.223,3.13,6,19,2021-03-14,0,UoP
171,Roksana,Wojcik,it,Lublin,37,11933.78,0.167,2.46,9,5,2019-09-11,0,UoP
172,Karolina,Wojcik,finance,Lublin,27,13250.37,0.244,3.17,11,6,2018-05-19,0,UoP
173,Nikodem,Zielinski,ops,Lodz,57,10811.57,0.208,3.42,9,10,2022-11-24,0,UoP
174,Ewa,Kowalski,it,Krakow,26,16658.41,0.176,4.24,9,6,2021-03-09,0,B2B
175,Nikodem,Wojcik,hr,Wroclaw,52,9133.13,0.155,4.51,10,18,2022-06-26,0,UoP
176,Jan,Zielinski,research,Lublin,55,8053.54,0.088,2.83,1,12,2019-10-26,1,Zlecenie
177,Roksana,Wojcik,research,Krakow,38,7317.63,0.214,4.0,3,17,2021-07-15,0,UoP
178,Daniel,Piotrowski,product,Wroclaw,24,13493.87,0.238,3.0,11,18,2021-10-07,1,UoP
179,Ewa,Mazur,hr,Lodz,54,5647.16,0.103,4.32,9,7,2022-03-22,0,UoP
180,Daniel,Zielinski,hr,Wroclaw,52,12611.59,0.057,2.81,2,16,2021-06-15,0,UoP
181,Bartek,Wojcik,ops,Gdansk,54,12280.16,0.025,2.47,11,2,2022-08-16,0,UoP
182,Jan,Wojcik,product,Warszawa,40,14045.01,0.155,3.61,8,4,2020-06-06,0,UoP
183,Gabriela,Kaczmarek,ops,Krakow,32,11292.63,0.156,3.05,9,6,2024-05-03,1,B2B
184,Iga,Krawczyk,it,Poznan,25,10442.8,0.114,3.88,2,15,2023-05-06,1,UoP
185,Roksana,Nowak,research,Lublin,30,9020.44,0.035,2.55,8,6,2023-01-12,0,UoP
186,Szymon,Wisniewski,analytics,Gdansk,23,8758.87,0.239,2.33,4,13,2018-05-05,1,B2B
187,Alicja,Kaczmarek,product,Gdansk,46,13147.48,0.108,2.4,1,14,2023-01-10,1,UoP
188,Nikodem,Kaczmarek,it,Gdansk,22,14434.66,0.043,2.84,10,16,2021-07-11,0,UoP
189,Roksana,Grabowska,research,Szczecin,28,9075.24,0.052,3.0,4,0,2023-04-03,0,UoP
190,Iga,Zielinski,ops,Wroclaw,43,13532.48,0.004,4.71,2,4,2021-04-02,0,B2B
191,Ola,Mazur,ops,Wroclaw,46,11473.68,0.179,3.89,6,10,2020-07-04,0,B2B
192,Gabriela,Kaczmarek,it,Lodz,58,18163.82,0.18,3.14,6,20,2024-06-03,0,B2B
193,Tomasz,Grabowska,finance,Szczecin,25,14652.56,0.003,2.22,9,2,2022-06-26,0,UoP
194,Iga,Nowak,research,Wroclaw,53,8789.82,0.198,3.32,3,6,2021-05-07,0,Zlecenie
195,Wiktoria,Kaczmarek,research,Krakow,51,9731.88,0.24,2.28,2,4,2019-09-30,0,UoP
196,Daniel,Mazur,finance,Gdansk,29,14899.2,0.071,2.97,8,4,2022-10-06,1,UoP
197,Marta,Piotrowski,finance,Lodz,45,14559.04,0.18,2.42,11,7,2021-11-15,0,UoP
198,Hubert,Nowak,sales,Wroclaw,58,12373.7,0.019,3.26,8,3,2018-03-27,0,Zlecenie
199,Hubert,Grabowska,research,Szczecin,35,7538.94,0.142,3.78,10,13,2023-01-21,0,B2B
200,Karolina,Piotrowski,sales,Gdansk,35,11634.37,0.052,3.46,6,14,2024-12-05,0,UoP
201,Szymon,Wojcik,hr,Gdansk,35,9869.59,0.013,4.81,7,13,2018-07-15,0,UoP
202,Szymon,Piotrowski,analytics,Poznan,33,11088.93,0.134,4.02,4,10,2023-07-01,0,UoP
203,Hubert,Nowak,analytics,Lublin,33,6654.82,0.149,4.14,4,11,2022-07-04,0,B2B
204,Iga,Piotrowski,research,Lublin,26,12786.36,0.068,2.37,8,0,2023-05-11,0,UoP
205,Marta,Zielinski,ops,Lodz,35,13220.49,0.016,3.14,8,9,2022-11-04,0,UoP
206,Karolina,Piotrowski,hr,Krakow,58,12882.49,0.052,3.03,6,8,2021-10-17,0,UoP
207,Bartek,Zielinski,sales,Lublin,35,8108.97,0.168,3.88,10,11,2018-06-28,1,UoP
208,Karolina,Kowalski,product,Lodz,47,16060.28,0.04,3.72,8,4,2020-02-07,0,UoP
209,Lukasz,Mazur,sales,Warszawa,29,10984.87,0.236,3.17,5,0,2023-10-12,0,UoP
210,Filip,Kaczmarek,sales,Poznan,40,10247.52,0.23,4.53,4,5,2018-01-04,1,B2B
211,Patryk,Kowalski,research,Warszawa,37,8647.98,0.104,2.32,5,12,2020-02-05,0,UoP
212,Wiktoria,Grabowska,it,Gdansk,23,13842.72,0.164,4.97,9,15,2021-09-29,0,UoP
213,Celina,Nowak,analytics,Poznan,31,9918.89,0.221,2.9,5,11,2020-11-10,1,B2B
214,Ola,Zielinski,analytics,Lodz,35,8089.23,0.124,2.0,10,5,2018-09-02,1,B2B
215,Iga,Piotrowski,sales,Wroclaw,48,14516.64,0.055,3.64,5,8,2022-09-21,0,UoP
216,Iga,Kowalski,ops,Lodz,34,11259.51,0.104,2.12,11,0,2024-02-14,0,Zlecenie
217,Lukasz,Krawczyk,hr,Lodz,23,11889.7,0.239,3.12,1,10,2023-04-16,0,B2B
218,Celina,Nowak,research,Wroclaw,52,10334.02,0.18,2.54,8,7,2022-06-06,0,UoP
219,Marta,Piotrowski,finance,Warszawa,49,12875.38,0.159,3.03,6,19,2022-11-25,1,UoP
220,Gabriela,Piotrowski,it,Poznan,22,15315.81,0.21,4.34,4,18,2022-10-20,0,B2B
221,Hubert,Piotrowski,hr,Szczecin,30,11386.46,0.086,2.4,5,2,2022-07-17,0,UoP
222,Bartek,Krawczyk,sales,Lodz,28,11188.55,0.083,4.51,3,1,2018-07-23,1,UoP
223,Patryk,Wojcik,analytics,Gdansk,45,9463.64,0.224,4.95,6,4,2023-09-28,0,UoP
224,Bartek,Mazur,research,Wroclaw,24,7648.41,0.004,2.1,11,18,2022-03-07,0,UoP
225,Marta,Krawczyk,hr,Szczecin,29,11292.38,0.188,3.14,7,11,2023-04-14,0,UoP
226,Marta,Wojcik,ops,Lublin,22,13845.85,0.174,2.38,8,12,2020-05-22,0,UoP
227,Iga,Nowak,ops,Warszawa,53,8846.94,0.243,4.67,6,15,2018-08-24,0,UoP
228,Celina,Krawczyk,sales,Lublin,50,9006.61,0.247,3.37,11,2,2019-03-23,1,Zlecenie
229,Jan,Wisniewski,it,Gdansk,48,14707.91,0.244,3.12,11,17,2021-02-18,1,UoP
230,Ola,Nowak,hr,Lublin,38,9538.13,0.116,3.36,7,4,2018-04-11,0,B2B
231,Hubert,Kaczmarek,research,Lodz,37,10522.07,0.128,2.7,11,7,2022-08-13,1,B2B
232,Lukasz,Kaczmarek,hr,Warszawa,51,12740.05,0.056,2.02,4,13,2019-02-04,0,UoP
233,Lukasz,Wojcik,analytics,Warszawa,51,8400.03,0.04,4.04,6,15,2022-08-03,0,UoP
234,Wiktoria,Kowalski,research,Wroclaw,52,9539.47,0.096,2.5,10,15,2019-03-12,0,UoP
235,Filip,Zielinski,finance,Krakow,32,15600.43,0.064,3.31,6,1,2020-12-04,0,UoP
236,Ewa,Grabowska,finance,Lublin,31,12604.74,0.218,2.64,4,3,2020-04-05,0,UoP
237,Nikodem,Wojcik,it,Warszawa,24,12652.49,0.039,3.36,2,16,2020-04-22,0,UoP
238,Alicja,Grabowska,finance,Wroclaw,28,13344.35,0.028,4.04,4,15,2022-05-16,0,UoP
239,Bartek,Zielinski,ops,Szczecin,54,11528.4,0.069,2.38,9,16,2019-11-16,0,B2B
240,Nikodem,Kowalski,analytics,Lodz,57,10032.98,0.175,3.72,3,16,2018-10-30,1,UoP
241,Celina,Wojcik,product,Warszawa,43,12973.52,0.033,3.49,10,8,2019-02-14,0,UoP
242,Alicja,Wojcik,research,Lublin,32,8411.56,0.211,3.36,3,17,2022-02-02,1,Zlecenie
243,Alicja,Grabowska,finance,Wroclaw,28,10747.85,0.121,4.0,11,12,2023-12-10,0,UoP
244,Iga,Wojcik,research,Krakow,22,11982.6,0.07,4.32,7,18,2022-03-14,0,B2B
245,Alicja,Kaczmarek,it,Wroclaw,34,13910.08,0.082,2.7,5,0,2019-12-08,0,UoP
246,Szymon,Piotrowski,it,Lublin,33,15713.03,0.011,4.15,6,16,2019-09-05,0,UoP
247,Jan,Kaczmarek,research,Warszawa,47,9247.73,0.14,2.06,7,14,2024-02-07,0,B2B
248,Bartek,Grabowska,ops,Krakow,25,11374.85,0.095,3.54,3,3,2020-02-14,0,Zlecenie
249,Szymon,Zielinski,sales,Szczecin,46,8438.36,0.16,2.51,10,11,2019-12-05,0,UoP
250,Marta,Wojcik,finance,Krakow,51,12588.75,0.102,4.72,6,9,2022-06-10,0,Zlecenie
251,Gabriela,Zielinski,ops,Lodz,32,11844.33,0.222,3.86,1,2,2023-10-17,0,UoP
252,Ola,Grabowska,finance,Lublin,56,11787.4,0.223,2.91,7,11,2023-04-06,0,UoP
253,Marta,Wojcik,sales,Szczecin,41,11074.74,0.055,4.16,11,10,2019-03-24,0,UoP
254,Ewa,Zielinski,hr,Gdansk,27,11439.93,0.187,3.24,3,18,2023-10-20,0,B2B
255,Karolina,Mazur,hr,Szczecin,52,8969.09,0.232,4.61,3,13,2022-09-01,1,B2B
256,Bartek,Kaczmarek,sales,Szczecin,24,10960.05,0.047,2.51,11,9,2023-04-21,0,Zlecenie
257,Gabriela,Grabowska,analytics,Wroclaw,45,6752.96,0.037,2.16,11,0,2020-11-06,1,UoP
258,Tomasz,Zielinski,it,Lodz,23,15438.99,0.227,4.78,4,14,2020-06-12,0,UoP
259,Roksana,Krawczyk,hr,Szczecin,45,12988.78,0.006,4.04,7,3,2023-12-21,0,B2B
260,Marta,Wisniewski,analytics,Szczecin,39,9429.97,0.072,3.83,2,3,2019-06-11,0,UoP
261,Jan,Kowalski,sales,Poznan,49,10997.9,0.203,3.76,4,20,2019-05-31,0,UoP
262,Tomasz,Piotrowski,finance,Wroclaw,49,13561.13,0.169,4.63,5,17,2018-03-10,0,UoP
263,Jan,Wisniewski,finance,Gdansk,52,14092.6,0.218,4.16,4,1,2024-08-10,0,B2B
264,Alicja,Nowak,it,Krakow,56,19185.99,0.04,2.86,2,7,2023-08-08,0,B2B
265,Celina,Nowak,ops,Poznan,37,11634.37,0.121,4.16,9,3,2021-01-11,0,UoP
266,Gabriela,Piotrowski,finance,Krakow,46,10496.93,0.09,3.92,6,20,2018-10-20,1,UoP
267,Marta,Grabowska,it,Krakow,33,12150.67,0.048,4.01,5,13,2018-05-21,0,UoP
268,Nikodem,Grabowska,analytics,Lublin,56,10443.29,0.155,3.77,2,13,2018-08-21,0,B2B
269,Roksana,Wojcik,research,Lodz,23,10533.33,0.018,2.15,8,14,2021-01-13,0,UoP
270,Ola,Kaczmarek,research,Warszawa,55,10488.23,0.1,4.68,9,15,2022-12-01,0,UoP
271,Ewa,Grabowska,hr,Warszawa,55,10083.42,0.242,3.42,6,17,2024-03-29,1,UoP
272,Roksana,Mazur,it,Szczecin,30,16727.52,0.071,4.79,5,2,2019-04-12,0,B2B
273,Daniel,Grabowska,it,Lodz,25,13145.74,0.179,3.07,8,7,2018-11-04,0,UoP
274,Wiktoria,Zielinski,research,Lodz,56,12140.54,0.113,2.07,9,1,2020-05-27,0,UoP
275,Gabriela,Piotrowski,research,Lublin,56,10289.39,0.079,4.01,5,8,2020-07-07,0,Zlecenie
276,Marta,Kaczmarek,it,Krakow,33,14775.73,0.155,4.37,6,6,2021-06-28,0,UoP
277,Bartek,Piotrowski,research,Lublin,23,9439.43,0.013,2.91,3,7,2021-05-09,0,UoP
278,Roksana,Mazur,hr,Krakow,31,12225.16,0.058,2.06,9,19,2018-04-13,0,B2B
279,Hubert,Mazur,ops,Gdansk,27,12524.31,0.19,3.45,6,12,2022-01-03,1,UoP
280,Gabriela,Kaczmarek,ops,Poznan,53,9389.24,0.045,2.22,5,2,2023-07-29,0,UoP
281,Gabriela,Mazur,research,Szczecin,46,10454.76,0.245,4.43,10,12,2020-08-12,0,B2B
282,Ewa,Krawczyk,it,Lodz,42,12268.14,0.131,3.72,8,17,2020-07-04,0,UoP
283,Wiktoria,Krawczyk,it,Szczecin,28,15120.39,0.176,3.87,8,12,2021-08-31,0,UoP
284,Szymon,Grabowska,it,Poznan,26,13169.42,0.175,3.1,10,1,2019-07-29,0,Zlecenie
285,Roksana,Wojcik,finance,Poznan,43,9796.51,0.201,4.85,4,7,2023-04-05,1,B2B
286,Celina,Grabowska,product,Gdansk,38,14108.22,0.004,3.11,6,3,2021-01-24,0,UoP
287,Jan,Wisniewski,it,Wroclaw,39,11188.36,0.155,4.5,8,4,2024-04-06,0,UoP
288,Jan,Wojcik,product,Lublin,30,13405.01,0.007,4.4,1,15,2021-01-01,0,UoP
289,Alicja,Wojcik,finance,Lodz,44,11811.85,0.143,4.69,5,0,2024-07-17,0,UoP
290,Tomasz,Piotrowski,research,Krakow,45,11886.4,0.006,3.59,1,11,2019-09-02,0,B2B
291,Patryk,Wojcik,hr,Szczecin,22,10361.13,0.026,4.27,10,6,2018-09-13,0,UoP
292,Iga,Piotrowski,finance,Poznan,23,11682.61,0.009,2.27,11,16,2019-02-14,0,Zlecenie
293,Celina,Krawczyk,analytics,Lublin,27,8289.8,0.202,4.04,11,12,2023-07-22,0,UoP
294,Roksana,Wojcik,ops,Wroclaw,28,12807.17,0.046,3.95,11,15,2021-04-12,0,B2B
295,Marta,Krawczyk,ops,Szczecin,22,11825.67,0.226,2.27,4,12,2024-03-02,0,UoP
296,Ola,Krawczyk,research,Lodz,49,10279.34,0.221,2.76,2,4,2018-06-18,1,B2B
297,Ewa,Grabowska,sales,Warszawa,29,8540.26,0.022,3.9,3,19,2023-11-03,0,UoP
298,Lukasz,Nowak,ops,Krakow,55,10569.32,0.222,2.92,6,0,2024-08-10,1,Zlecenie
299,Iga,Wisniewski,it,Lublin,25,12133.25,0.134,2.12,1,0,2024-11-28,0,UoP
300,Tomasz,Kowalski,analytics,Poznan,46,9077.26,0.224,4.58,3,17,2024-07-31,0,B2B
301,Roksana,Kaczmarek,hr,Szczecin,56,9528.53,0.224,4.07,10,20,2024-01-10,0,UoP
302,Hubert,Mazur,sales,Lodz,53,10988.65,0.193,4.17,5,20,2023-08-13,0,UoP
303,Jan,Zielinski,hr,Gdansk,40,10144.04,0.002,2.32,9,7,2019-01-24,1,Zlecenie
304,Daniel,Mazur,research,Lublin,51,6714.39,0.236,4.0,10,12,2022-03-15,1,UoP
305,Wiktoria,Kowalski,analytics,Lublin,48,8867.07,0.062,3.72,8,2,2023-04-09,1,B2B
306,Daniel,Grabowska,product,Wroclaw,51,13331.13,0.186,2.44,10,0,2024-06-24,0,UoP
307,Celina,Nowak,hr,Szczecin,55,12429.82,0.033,4.63,3,17,2024-03-31,0,B2B
308,Nikodem,Kowalski,hr,Gdansk,51,10422.58,0.209,4.61,2,4,2022-08-01,0,UoP
309,Marta,Zielinski,it,Poznan,35,13655.99,0.047,4.52,3,13,2022-12-23,0,UoP
310,Ewa,Kowalski,it,Poznan,47,13553.74,0.199,2.65,2,4,2024-05-19,1,UoP
311,Celina,Piotrowski,sales,Poznan,31,10629.38,0.223,2.06,1,19,2023-04-17,0,UoP
312,Marta,Mazur,sales,Lodz,29,10514.6,0.066,2.25,1,1,2024-04-01,1,B2B
313,Patryk,Krawczyk,hr,Warszawa,55,11945.43,0.222,2.75,10,5,2022-02-21,0,UoP
314,Daniel,Kaczmarek,ops,Szczecin,30,11219.42,0.185,2.51,10,20,2020-05-31,1,B2B
315,Ola,Wojcik,research,Lublin,49,9337.09,0.179,3.78,10,18,2020-02-18,1,UoP
316,Alicja,Kaczmarek,hr,Lublin,58,8533.8,0.214,4.75,5,19,2024-05-26,0,UoP
317,Bartek,Kaczmarek,finance,Krakow,26,14355.82,0.167,4.41,2,6,2022-11-02,0,UoP
318,Karolina,Krawczyk,product,Poznan,57,13661.71,0.037,3.17,10,11,2020-05-08,0,UoP
319,Bartek,Kaczmarek,finance,Krakow,45,12394.84,0.081,4.09,9,15,2020-09-04,0,UoP
320,Lukasz,Piotrowski,ops,Gdansk,26,14351.19,0.185,4.72,4,8,2023-09-01,0,UoP
321,Tomasz,Kowalski,analytics,Poznan,47,11337.66,0.023,2.66,8,12,2021-06-17,1,UoP
322,Roksana,Nowak,product,Szczecin,24,15438.72,0.006,4.3,1,16,2020-09-10,0,UoP
323,Celina,Grabowska,research,Lodz,38,10212.1,0.189,3.17,4,11,2024-07-27,1,UoP
324,Filip,Piotrowski,research,Wroclaw,26,6715.36,0.209,4.03,8,10,2019-07-03,0,B2B
325,Tomasz,Zielinski,product,Wroclaw,52,11920.78,0.014,2.25,5,16,2019-10-22,1,UoP
326,Hubert,Wisniewski,it,Lodz,43,12626.63,0.06,2.28,8,7,2022-06-12,0,Zlecenie
327,Szymon,Nowak,finance,Warszawa,54,11639.09,0.129,2.91,11,2,2022-06-24,0,Zlecenie
328,Filip,Wisniewski,it,Gdansk,42,13516.2,0.185,3.99,5,20,2022-11-03,0,UoP
329,Nikodem,Mazur,research,Wroclaw,37,8302.11,0.093,3.67,11,10,2021-01-04,1,UoP
330,Szymon,Wojcik,research,Gdansk,31,7847.96,0.037,2.53,9,16,2018-05-23,0,UoP
331,Ewa,Grabowska,research,Poznan,49,13125.73,0.195,3.98,10,3,2019-11-26,0,UoP
332,Jan,Krawczyk,ops,Poznan,23,12139.04,0.063,2.28,10,13,2021-09-20,0,B2B
333,Roksana,Kaczmarek,analytics,Lodz,31,6541.36,0.171,2.01,8,14,2020-12-30,0,UoP
334,Filip,Kaczmarek,it,Szczecin,28,14408.91,0.127,2.5,7,1,2019-07-23,1,UoP
335,Karolina,Krawczyk,hr,Warszawa,34,12499.8,0.16,4.5,10,7,2024-02-19,1,UoP
336,Patryk,Grabowska,ops,Lublin,43,9989.35,0.036,4.89,9,11,2022-05-30,0,UoP
337,Marta,Piotrowski,ops,Warszawa,42,10745.3,0.046,4.52,2,8,2022-02-02,1,UoP
338,Karolina,Grabowska,research,Wroclaw,54,12104.71,0.172,4.65,11,11,2021-06-26,0,B2B
339,Nikodem,Krawczyk,ops,Poznan,28,10771.89,0.075,4.22,9,13,2023-10-08,0,Zlecenie
340,Jan,Mazur,finance,Szczecin,55,14157.14,0.22,2.33,3,6,2022-02-18,0,UoP
341,Patryk,Grabowska,analytics,Poznan,31,8978.86,0.021,4.45,6,7,2021-10-24,0,B2B
342,Nikodem,Grabowska,it,Gdansk,52,12871.53,0.101,4.63,4,7,2019-02-12,0,UoP
343,Wiktoria,Kowalski,sales,Szczecin,40,9554.78,0.017,2.04,5,4,2023-07-27,0,UoP
344,Ola,Wisniewski,it,Krakow,47,14136.96,0.212,4.37,9,12,2023-10-04,0,UoP
345,Ola,Wisniewski,hr,Wroclaw,55,7957.46,0.029,4.52,2,4,2019-12-17,0,B2B
346,Tomasz,Krawczyk,research,Wroclaw,23,10938.1,0.12,3.97,8,17,2023-10-23,0,UoP
347,Hubert,Nowak,it,Warszawa,32,14968.31,0.151,2.67,10,8,2021-06-01,0,B2B
348,Szymon,Krawczyk,product,Lodz,28,14292.75,0.179,3.03,8,1,2024-02-13,0,UoP
349,Alicja,Mazur,sales,Gdansk,37,8305.86,0.114,2.13,4,16,2019-10-18,0,UoP
350,Karolina,Grabowska,product,Lublin,57,9959.07,0.022,2.0,1,8,2018-03-27,1,UoP
351,Wiktoria,Wojcik,ops,Poznan,29,10457.73,0.066,2.01,6,12,2024-11-30,0,UoP
352,Roksana,Wojcik,analytics,Warszawa,53,10480.59,0.243,3.13,2,12,2018-05-21,0,B2B
353,Marta,Piotrowski,it,Warszawa,27,15962.1,0.081,2.33,9,1,2020-11-08,0,UoP
354,Celina,Wisniewski,finance,Warszawa,28,12515.05,0.056,2.8,10,0,2023-05-12,0,Zlecenie
355,Jan,Wisniewski,analytics,Wroclaw,33,8409.29,0.074,3.57,8,8,2023-06-28,0,Zlecenie
356,Alicja,Kaczmarek,ops,Gdansk,34,12894.13,0.149,4.59,3,19,2019-06-19,0,UoP
357,Wiktoria,Grabowska,ops,Lublin,57,10290.76,0.127,3.5,8,14,2019-12-23,0,UoP
358,Lukasz,Zielinski,research,Warszawa,56,9817.26,0.108,3.06,2,8,2022-02-19,0,UoP
359,Alicja,Wisniewski,ops,Poznan,57,10774.96,0.079,2.43,8,2,2021-04-02,0,Zlecenie
360,Jan,Grabowska,sales,Gdansk,33,9773.36,0.212,4.75,4,8,2024-01-21,0,UoP
361,Celina,Krawczyk,research,Poznan,39,8550.81,0.054,3.23,11,0,2018-09-26,0,UoP
362,Celina,Nowak,hr,Gdansk,43,12881.24,0.078,4.03,10,2,2023-05-03,0,B2B
363,Marta,Zielinski,it,Szczecin,38,10636.5,0.241,2.84,2,0,2022-09-03,0,Zlecenie
364,Roksana,Nowak,ops,Lublin,30,9867.46,0.158,4.1,6,1,2023-12-23,0,UoP
365,Jan,Wisniewski,hr,Gdansk,41,10911.54,0.156,2.63,11,20,2020-12-24,0,UoP
366,Alicja,Zielinski,finance,Wroclaw,33,10486.28,0.104,3.73,1,12,2018-08-12,0,UoP
367,Hubert,Mazur,analytics,Lodz,31,10058.21,0.17,3.38,11,17,2022-08-17,0,Zlecenie
368,Jan,Wisniewski,it,Wroclaw,42,16798.54,0.031,3.41,1,5,2021-01-15,0,B2B
369,Lukasz,Piotrowski,product,Wroclaw,47,12149.81,0.139,2.38,2,6,2019-02-25,0,UoP
370,Wiktoria,Kowalski,product,Warszawa,58,10769.66,0.084,2.46,7,5,2019-05-15,0,UoP
371,Filip,Nowak,product,Wroclaw,36,12094.32,0.063,2.3,1,7,2019-06-08,0,UoP
372,Iga,Wojcik,finance,Poznan,54,12351.58,0.216,4.86,8,3,2023-11-12,0,UoP
373,Wiktoria,Piotrowski,sales,Krakow,57,10381.23,0.187,2.19,6,16,2018-09-09,0,B2B
374,Ola,Nowak,analytics,Szczecin,54,11663.61,0.215,3.65,9,12,2020-10-29,0,B2B
375,Celina,Krawczyk,analytics,Poznan,52,9667.32,0.09,2.73,11,6,2022-05-28,0,B2B
376,Ewa,Nowak,research,Wroclaw,42,8192.13,0.102,2.86,10,20,2019-02-11,1,B2B
377,Daniel,Wisniewski,analytics,Gdansk,25,11769.43,0.181,2.52,9,20,2018-02-15,0,UoP
378,Hubert,Nowak,ops,Wroclaw,53,11077.81,0.133,2.81,11,2,2018-10-16,0,UoP
379,Iga,Piotrowski,it,Gdansk,47,12135.72,0.143,3.53,9,1,2020-09-30,0,B2B
380,Tomasz,Zielinski,hr,Wroclaw,28,11839.35,0.189,4.92,5,3,2020-12-24,0,Zlecenie
381,Ola,Zielinski,it,Krakow,32,13128.09,0.144,2.32,11,17,2019-07-08,0,UoP
382,Celina,Wisniewski,finance,Lodz,48,11889.61,0.009,4.74,10,18,2024-03-03,0,UoP
383,Gabriela,Wisniewski,sales,Lublin,40,11386.72,0.247,3.39,2,19,2024-03-16,0,B2B
384,Ewa,Grabowska,analytics,Lublin,31,10824.75,0.23,3.75,2,3,2020-11-01,1,Zlecenie
385,Iga,Zielinski,analytics,Lodz,33,8296.3,0.159,3.68,9,7,2020-06-15,0,UoP
386,Karolina,Wojcik,ops,Szczecin,47,11303.18,0.017,2.96,10,20,2024-07-29,1,UoP
387,Jan,Zielinski,research,Krakow,49,9030.82,0.042,4.88,5,3,2019-05-15,0,UoP
388,Lukasz,Zielinski,ops,Wroclaw,46,9055.99,0.219,2.88,10,14,2022-09-09,0,UoP
389,Gabriela,Wojcik,it,Szczecin,52,14651.36,0.197,3.6,4,10,2023-08-02,1,UoP
390,Iga,Krawczyk,it,Lodz,51,15891.8,0.247,4.91,10,18,2019-03-05,0,B2B
391,Iga,Grabowska,sales,Lublin,54,10001.35,0.108,3.58,10,7,2018-03-25,0,B2B
392,Nikodem,Piotrowski,ops,Szczecin,36,9325.24,0.031,2.77,10,14,2019-07-21,0,UoP
393,Alicja,Zielinski,finance,Wroclaw,34,12194.87,0.085,2.67,11,8,2018-06-09,0,Zlecenie
394,Nikodem,Kowalski,product,Lodz,43,13037.64,0.235,4.93,1,3,2020-02-06,1,UoP
395,Jan,Wisniewski,hr,Warszawa,55,11830.85,0.236,2.86,7,7,2024-07-26,1,B2B
396,Jan,Nowak,product,Lodz,56,12515.88,0.199,3.14,4,19,2022-05-03,0,B2B
397,Patryk,Wojcik,it,Lublin,24,13349.23,0.101,3.09,6,8,2019-01-18,1,UoP
398,Filip,Grabowska,analytics,Lodz,25,9461.45,0.003,4.57,1,9,2023-05-14,0,Zlecenie
399,Tomasz,Grabowska,analytics,Poznan,36,9248.34,0.152,2.53,5,1,2019-01-08,0,UoP
400,Karolina,Nowak,ops,Szczecin,54,11578.15,0.173,4.1,6,7,2024-01-25,1,UoP
401,Tomasz,Krawczyk,product,Gdansk,39,12229.62,0.244,2.36,5,7,2023-05-20,1,UoP
402,Iga,Wojcik,product,Krakow,54,10193.86,0.193,2.36,9,13,2023-05-22,0,UoP
403,Marta,Kowalski,hr,Wroclaw,46,10547.17,0.11,4.85,1,10,2018-11-13,0,UoP
404,Szymon,Kaczmarek,sales,Poznan,23,11560.87,0.013,4.57,8,10,2024-05-16,0,Zlecenie
405,Iga,Krawczyk,finance,Wroclaw,38,9163.87,0.08,2.69,10,13,2020-05-02,0,UoP
406,Jan,Piotrowski,hr,Warszawa,39,11839.27,0.08,4.79,11,17,2022-08-11,1,B2B
407,Ewa,Kowalski,research,Wroclaw,50,7884.3,0.101,2.77,11,13,2018-04-13,0,UoP
408,Tomasz,Wojcik,sales,Warszawa,56,11701.39,0.028,3.18,3,12,2024-03-17,0,UoP
409,Hubert,Krawczyk,analytics,Lublin,30,8048.18,0.11,4.45,3,6,2022-03-13,0,UoP
410,Gabriela,Wojcik,analytics,Lodz,43,7351.59,0.127,2.96,7,18,2020-01-29,1,B2B
411,Wiktoria,Kaczmarek,research,Poznan,56,8825.16,0.103,4.48,4,7,2019-02-28,1,UoP
412,Tomasz,Krawczyk,product,Lodz,25,13469.64,0.182,2.23,1,14,2024-06-27,1,UoP
413,Tomasz,Piotrowski,ops,Wroclaw,51,10159.12,0.13,2.41,1,11,2019-06-14,0,UoP
414,Szymon,Zielinski,product,Gdansk,22,9552.33,0.151,2.08,7,3,2024-11-06,0,UoP
415,Ewa,Grabowska,finance,Wroclaw,36,11502.72,0.214,2.09,10,14,2019-02-24,0,UoP
416,Patryk,Zielinski,analytics,Warszawa,43,9168.26,0.057,2.89,10,16,2020-02-12,0,Zlecenie
417,Tomasz,Mazur,finance,Wroclaw,31,16368.58,0.114,2.19,4,16,2023-07-18,0,UoP
418,Marta,Piotrowski,analytics,Wroclaw,35,7837.92,0.205,4.39,11,0,2021-06-13,0,UoP
419,Wiktoria,Mazur,research,Szczecin,29,11502.43,0.215,4.14,6,20,2019-04-08,0,Zlecenie
420,Filip,Nowak,it,Lublin,46,16729.36,0.101,2.94,9,4,2021-02-23,1,B2B
421,Jan,Nowak,ops,Poznan,55,11816.28,0.079,2.39,6,5,2018-01-31,0,UoP
422,Gabriela,Grabowska,sales,Krakow,57,12188.56,0.081,4.34,7,0,2024-03-24,0,UoP
423,Daniel,Kowalski,research,Lodz,51,9407.12,0.126,4.33,8,8,2019-07-18,0,UoP
424,Szymon,Wojcik,hr,Poznan,47,10084.31,0.102,3.56,5,17,2018-11-24,0,UoP
425,Karolina,Zielinski,sales,Poznan,54,12208.99,0.237,4.35,6,8,2021-05-05,0,UoP
426,Celina,Piotrowski,analytics,Poznan,29,9958.1,0.235,4.81,1,13,2021-01-26,1,B2B
427,Ewa,Zielinski,finance,Krakow,32,12222.2,0.19,3.61,5,13,2020-09-23,0,Zlecenie
428,Ola,Grabowska,product,Lodz,27,13527.33,0.178,3.64,9,15,2020-02-17,0,Zlecenie
429,Karolina,Zielinski,ops,Szczecin,36,13455.92,0.056,3.29,6,9,2020-01-28,0,UoP
430,Roksana,Piotrowski,research,Wroclaw,51,10753.5,0.091,2.22,1,16,2019-04-21,0,Zlecenie
431,Celina,Kowalski,analytics,Warszawa,55,9781.66,0.125,2.65,11,15,2021-02-24,1,B2B
432,Alicja,Krawczyk,analytics,Szczecin,22,5855.24,0.199,4.86,4,18,2019-07-10,0,B2B
433,Hubert,Krawczyk,research,Wroclaw,41,10327.72,0.2,3.36,6,15,2020-03-27,0,UoP
434,Celina,Nowak,analytics,Szczecin,32,6875.43,0.238,2.78,9,3,2020-01-01,0,UoP
435,Nikodem,Kowalski,ops,Szczecin,58,9282.04,0.218,4.65,4,5,2022-12-05,1,UoP
436,Nikodem,Kaczmarek,product,Lodz,36,14298.16,0.086,2.34,7,17,2018-07-25,0,UoP
437,Ola,Piotrowski,sales,Krakow,54,9093.58,0.211,4.11,3,6,2022-06-22,0,Zlecenie
438,Marta,Mazur,product,Lodz,40,15532.76,0.14,2.17,1,11,2024-09-11,0,UoP
439,Celina,Mazur,ops,Warszawa,31,9687.94,0.156,3.49,6,12,2018-08-30,0,UoP
440,Alicja,Grabowska,research,Szczecin,49,13121.57,0.073,4.81,7,4,2022-02-12,1,B2B
441,Jan,Kowalski,ops,Lublin,30,12075.38,0.088,4.05,7,14,2020-04-11,1,UoP
442,Marta,Kaczmarek,ops,Krakow,55,10320.28,0.073,2.25,7,9,2022-02-12,0,UoP
443,Ewa,Wojcik,hr,Warszawa,38,10647.55,0.054,2.48,3,6,2024-02-01,0,UoP
444,Karolina,Kowalski,analytics,Krakow,51,7073.5,0.157,3.62,7,13,2022-05-14,0,UoP
445,Marta,Kaczmarek,finance,Poznan,44,13139.15,0.132,3.28,6,18,2024-09-21,0,UoP
446,Karolina,Kowalski,research,Warszawa,48,8598.3,0.244,4.49,10,7,2023-03-23,1,Zlecenie
447,Roksana,Grabowska,hr,Szczecin,46,12285.72,0.125,3.33,1,15,2024-10-24,0,Zlecenie
448,Lukasz,Krawczyk,research,Lublin,57,8500.3,0.031,4.29,8,12,2023-08-31,0,UoP
449,Iga,Wisniewski,it,Wroclaw,40,13601.14,0.138,4.18,1,5,2023-07-20,0,UoP
450,Patryk,Krawczyk,ops,Warszawa,49,9555.95,0.196,3.9,8,17,2020-04-13,0,UoP
451,Bartek,Nowak,it,Krakow,49,13611.87,0.125,3.05,4,6,2023-12-03,0,UoP
452,Ola,Grabowska,analytics,Poznan,37,9557.9,0.187,2.57,11,18,2022-11-26,0,Zlecenie
453,Roksana,Kaczmarek,it,Lublin,38,14802.2,0.219,4.38,5,1,2019-10-14,0,UoP
454,Alicja,Kowalski,research,Wroclaw,49,11669.14,0.088,3.46,7,6,2020-02-06,1,B2B
455,Patryk,Nowak,ops,Szczecin,49,10813.85,0.241,4.97,3,19,2020-08-14,0,B2B
456,Marta,Grabowska,finance,Krakow,25,10346.91,0.231,3.19,11,11,2020-06-15,0,UoP
457,Alicja,Kowalski,analytics,Szczecin,46,9963.34,0.08,2.11,3,10,2020-09-17,1,UoP
458,Lukasz,Zielinski,ops,Gdansk,46,11795.91,0.024,3.71,3,11,2023-11-25,0,UoP
459,Hubert,Nowak,sales,Poznan,49,9918.27,0.237,2.81,9,12,2020-08-09,0,UoP
460,Filip,Piotrowski,ops,Szczecin,38,10065.55,0.179,2.3,8,18,2022-01-08,0,UoP
461,Lukasz,Wisniewski,product,Wroclaw,55,10758.78,0.22,3.86,7,3,2022-03-19,0,UoP
462,Wiktoria,Mazur,product,Lublin,48,12319.95,0.052,3.2,1,9,2024-09-28,1,B2B
463,Bartek,Grabowska,hr,Gdansk,57,12156.48,0.047,2.47,1,2,2021-06-12,1,UoP
464,Patryk,Kaczmarek,sales,Lublin,34,8594.85,0.074,4.6,9,1,2024-09-03,0,UoP
465,Szymon,Krawczyk,research,Krakow,38,8804.85,0.057,2.72,9,2,2019-11-21,0,UoP
466,Marta,Kaczmarek,finance,Lublin,52,13022.01,0.124,3.03,9,11,2018-11-22,0,UoP
467,Roksana,Grabowska,hr,Warszawa,41,8943.04,0.041,2.01,11,8,2019-04-03,0,UoP
468,Nikodem,Kaczmarek,hr,Warszawa,26,12090.04,0.047,2.56,5,16,2020-06-04,1,UoP
469,Hubert,Kaczmarek,ops,Wroclaw,26,9800.56,0.017,3.21,8,18,2018-03-22,0,B2B
470,Iga,Mazur,ops,Lodz,26,12014.16,0.206,3.33,11,7,2023-07-09,1,UoP
471,Tomasz,Krawczyk,analytics,Gdansk,32,8632.15,0.056,2.08,6,1,2022-08-06,0,UoP
472,Karolina,Kaczmarek,research,Szczecin,48,11985.1,0.107,3.36,8,13,2024-05-23,0,Zlecenie
473,Celina,Mazur,product,Krakow,35,11708.38,0.228,2.39,9,14,2020-04-19,1,UoP
474,Szymon,Krawczyk,research,Wroclaw,44,9288.71,0.129,4.69,3,17,2023-01-18,1,UoP
475,Marta,Wojcik,analytics,Gdansk,22,7721.71,0.03,3.28,11,19,2020-09-07,0,UoP
476,Daniel,Wisniewski,ops,Szczecin,24,11134.88,0.029,2.63,2,17,2024-03-25,1,UoP
477,Lukasz,Krawczyk,product,Krakow,49,13658.12,0.183,4.5,7,17,2024-03-16,0,B2B
478,Daniel,Mazur,sales,Poznan,23,16107.33,0.066,3.11,3,19,2020-08-16,0,UoP
479,Karolina,Kaczmarek,analytics,Gdansk,30,13251.67,0.182,2.26,8,8,2019-01-08,0,B2B
480,Nikodem,Wisniewski,it,Warszawa,49,13295.44,0.029,3.84,2,18,2020-09-15,0,B2B
481,Roksana,Kowalski,product,Poznan,34,10125.7,0.077,2.54,11,15,2024-03-14,0,Zlecenie
482,Roksana,Zielinski,hr,Lublin,42,10408.31,0.226,4.12,4,16,2018-07-01,0,UoP
483,Filip,Wojcik,analytics,Warszawa,49,8407.52,0.002,2.01,1,10,2018-09-04,0,UoP
484,Roksana,Wojcik,hr,Krakow,28,11058.57,0.222,3.22,1,9,2024-05-21,0,B2B
485,Iga,Kaczmarek,ops,Krakow,27,12121.35,0.25,2.5,5,6,2021-02-11,1,UoP
486,Alicja,Krawczyk,it,Warszawa,28,12679.73,0.227,4.29,8,4,2024-05-18,1,UoP
487,Bartek,Nowak,ops,Lodz,22,12796.93,0.04,3.5,1,19,2018-07-15,0,B2B
488,Jan,Kowalski,ops,Lublin,23,11305.25,0.062,4.69,10,13,2022-01-17,0,B2B
489,Karolina,Zielinski,product,Wroclaw,38,8278.03,0.227,3.19,4,17,2022-09-17,0,UoP
490,Daniel,Kowalski,analytics,Wroclaw,29,11517.15,0.092,2.46,8,19,2021-03-04,0,B2B
491,Tomasz,Nowak,hr,Krakow,29,10557.47,0.173,3.55,3,15,2021-05-24,1,UoP
492,Tomasz,Wojcik,product,Poznan,27,12704.09,0.02,3.42,6,2,2021-07-04,0,UoP
493,Celina,Wisniewski,sales,Warszawa,41,11465.07,0.182,2.65,3,0,2020-12-24,0,UoP
494,Hubert,Wojcik,hr,Krakow,52,9937.15,0.058,4.45,11,16,2023-06-03,1,B2B
495,Hubert,Wojcik,research,Krakow,24,8042.34,0.148,2.18,9,17,2022-07-31,0,UoP
496,Celina,Kowalski,analytics,Lublin,38,8843.74,0.11,2.46,10,4,2020-02-27,0,B2B
497,Alicja,Grabowska,hr,Poznan,22,9656.91,0.02,2.29,7,5,2020-12-17,0,UoP
498,Wiktoria,Wojcik,research,Szczecin,45,9843.87,0.081,3.17,11,8,2023-07-06,1,B2B
499,Wiktoria,Piotrowski,ops,Gdansk,48,11491.68,0.159,4.86,5,1,2022-12-22,0,UoP
500,Szymon,Wojcik,sales,Lublin,45,11413.03,0.131,4.27,3,0,2024-01-04,0,UoP
501,Roksana,Piotrowski,research,Krakow,24,9176.85,0.046,2.26,9,16,2021-08-01,0,UoP
502,Hubert,Mazur,research,Szczecin,54,8724.13,0.141,2.45,8,8,2022-07-29,0,UoP
503,Iga,Krawczyk,research,Szczecin,56,9322.84,0.226,3.13,3,1,2024-05-08,0,B2B
504,Tomasz,Wojcik,ops,Krakow,24,8799.58,0.165,3.9,3,18,2022-12-10,1,UoP
505,Roksana,Kaczmarek,sales,Gdansk,47,9789.34,0.241,3.8,9,3,2024-03-31,0,B2B
506,Wiktoria,Wojcik,sales,Lodz,42,11595.46,0.146,4.11,4,16,2023-11-28,0,B2B
507,Bartek,Mazur,hr,Warszawa,35,10352.24,0.034,2.37,2,0,2021-10-25,1,UoP
508,Marta,Piotrowski,it,Krakow,52,14129.47,0.131,2.82,1,13,2020-03-21,0,Zlecenie
509,Ewa,Grabowska,hr,Szczecin,35,9452.29,0.205,2.84,8,20,2019-08-27,0,UoP
510,Patryk,Nowak,analytics,Warszawa,47,10805.87,0.14,3.9,9,8,2024-07-22,1,B2B
511,Gabriela,Nowak,hr,Wroclaw,22,9968.6,0.078,2.13,4,4,2023-05-11,0,B2B
512,Jan,Kowalski,research,Krakow,52,7053.43,0.15,3.04,11,16,2018-08-13,0,B2B
513,Ewa,Kowalski,sales,Lodz,37,11622.51,0.237,2.1,10,20,2023-01-09,0,B2B
514,Lukasz,Nowak,research,Warszawa,24,9949.33,0.164,3.64,4,18,2018-01-24,0,B2B
515,Roksana,Wisniewski,analytics,Szczecin,47,6761.48,0.121,3.29,10,9,2021-04-19,0,UoP
516,Szymon,Krawczyk,sales,Poznan,53,10833.11,0.235,2.09,6,5,2024-08-09,0,B2B
517,Daniel,Nowak,it,Szczecin,22,12085.14,0.065,3.7,11,18,2023-02-17,0,UoP
518,Gabriela,Wisniewski,finance,Lublin,22,11925.42,0.221,2.76,1,16,2019-12-14,0,B2B
519,Tomasz,Wisniewski,product,Krakow,50,13892.65,0.058,4.19,9,4,2019-11-12,0,B2B
520,Lukasz,Piotrowski,finance,Lodz,51,12748.54,0.048,3.24,2,3,2018-04-25,1,UoP
521,Tomasz,Wojcik,it,Warszawa,42,15621.15,0.236,2.68,9,0,2018-11-18,0,B2B
522,Karolina,Krawczyk,analytics,Warszawa,34,6092.28,0.034,2.19,1,17,2021-05-18,0,Zlecenie
523,Filip,Nowak,it,Lodz,36,14619.13,0.109,3.21,4,12,2018-03-12,0,B2B
524,Roksana,Kaczmarek,product,Poznan,43,12996.81,0.222,2.21,5,2,2020-08-15,0,UoP
525,Szymon,Wojcik,product,Lublin,44,12505.9,0.166,3.46,11,5,2022-07-06,0,B2B
526,Alicja,Kaczmarek,it,Lublin,44,13671.06,0.108,2.22,7,7,2021-01-30,1,UoP
527,Ola,Krawczyk,research,Wroclaw,45,7670.28,0.158,2.74,7,17,2022-05-20,0,B2B
528,Filip,Nowak,finance,Wroclaw,34,12067.78,0.014,2.39,6,19,2019-01-12,0,Zlecenie
529,Bartek,Nowak,product,Lodz,48,14728.93,0.012,2.87,7,19,2020-05-07,0,UoP
530,Karolina,Piotrowski,finance,Krakow,27,12790.59,0.04,2.48,8,11,2024-06-16,0,UoP
531,Tomasz,Wisniewski,it,Poznan,58,15707.31,0.214,4.33,7,20,2019-07-03,0,UoP
532,Daniel,Kowalski,sales,Lodz,41,9548.16,0.177,4.74,3,8,2019-09-14,0,UoP
533,Bartek,Krawczyk,finance,Gdansk,42,13252.2,0.213,4.34,2,13,2020-11-02,0,B2B
534,Ola,Kaczmarek,sales,Lodz,44,9788.55,0.204,4.43,8,12,2020-12-28,1,B2B
535,Daniel,Mazur,research,Szczecin,50,12419.67,0.053,3.99,4,14,2021-12-03,0,UoP
536,Daniel,Mazur,research,Lodz,43,11095.7,0.244,2.53,6,8,2019-03-10,1,B2B
537,Ewa,Piotrowski,research,Wroclaw,22,7399.12,0.108,2.93,3,11,2021-05-07,0,UoP
538,Hubert,Wojcik,sales,Lodz,54,11593.77,0.141,2.03,1,8,2021-01-22,1,UoP
539,Roksana,Wisniewski,sales,Gdansk,33,10669.39,0.25,3.99,2,13,2023-07-10,1,UoP
540,Ewa,Grabowska,research,Krakow,31,6394.22,0.234,2.02,7,12,2022-07-17,0,UoP
541,Lukasz,Nowak,hr,Lodz,42,9925.67,0.16,2.31,4,3,2020-11-07,1,B2B
542,Filip,Piotrowski,product,Lodz,25,12050.53,0.105,3.25,4,17,2021-11-19,0,UoP
543,Karolina,Grabowska,analytics,Poznan,28,10675.79,0.055,4.12,7,9,2019-05-25,0,UoP
544,Filip,Wojcik,ops,Lodz,51,11156.14,0.058,4.89,4,15,2021-07-18,0,UoP
545,Nikodem,Kaczmarek,finance,Krakow,46,12415.32,0.084,4.35,3,19,2019-04-27,0,B2B
546,Gabriela,Grabowska,sales,Lublin,39,8834.61,0.141,3.7,6,18,2018-01-29,0,UoP
547,Roksana,Nowak,ops,Lublin,57,9873.01,0.175,2.29,8,10,2024-03-10,0,B2B
548,Bartek,Wisniewski,finance,Szczecin,41,10385.02,0.081,4.93,7,8,2021-01-27,0,B2B
549,Tomasz,Wojcik,ops,Gdansk,44,13266.32,0.069,2.51,3,0,2024-07-19,1,UoP
550,Gabriela,Kowalski,product,Wroclaw,56,12888.48,0.126,4.68,10,5,2020-06-20,0,UoP
551,Wiktoria,Mazur,it,Poznan,53,16217.56,0.171,3.26,10,4,2018-03-29,0,B2B
552,Lukasz,Wisniewski,it,Krakow,27,15759.11,0.166,4.93,7,17,2021-08-02,1,UoP
553,Nikodem,Wojcik,sales,Wroclaw,22,9389.87,0.007,2.02,3,20,2021-04-01,0,B2B
554,Szymon,Wojcik,research,Poznan,38,9994.1,0.146,2.65,6,8,2020-10-26,0,UoP
555,Nikodem,Zielinski,analytics,Gdansk,23,11092.63,0.165,2.53,10,8,2021-03-02,0,UoP
556,Nikodem,Grabowska,ops,Szczecin,34,11379.78,0.195,3.92,3,11,2024-12-22,0,UoP
557,Szymon,Wojcik,finance,Krakow,33,9302.68,0.114,2.69,2,12,2020-04-16,0,UoP
558,Ola,Mazur,hr,Krakow,26,10474.54,0.006,2.24,6,16,2022-12-21,0,UoP
559,Filip,Grabowska,finance,Szczecin,28,11858.87,0.208,3.07,5,14,2020-06-26,1,UoP
560,Marta,Piotrowski,research,Lublin,58,13002.33,0.019,4.83,10,19,2020-03-27,0,UoP
561,Ewa,Grabowska,finance,Gdansk,30,13615.38,0.028,3.78,1,15,2021-06-13,0,B2B
562,Iga,Krawczyk,analytics,Lodz,46,9443.66,0.151,2.24,7,16,2019-04-21,0,B2B
563,Jan,Nowak,it,Krakow,25,13659.34,0.205,2.85,9,17,2022-02-08,0,UoP
564,Celina,Piotrowski,product,Wroclaw,57,15665.78,0.155,4.42,8,19,2022-05-23,1,UoP
565,Alicja,Kowalski,ops,Lublin,57,14602.08,0.101,3.99,8,15,2022-09-14,0,UoP
566,Iga,Kowalski,hr,Szczecin,27,9036.73,0.137,4.34,1,18,2018-01-07,0,UoP
567,Alicja,Kowalski,analytics,Szczecin,41,8778.41,0.167,4.57,7,9,2024-06-22,0,UoP
568,Wiktoria,Nowak,product,Szczecin,50,11733.64,0.135,2.64,5,16,2023-06-29,1,UoP
569,Ewa,Nowak,research,Poznan,22,6823.3,0.005,3.19,5,14,2021-03-20,0,UoP
570,Szymon,Nowak,sales,Gdansk,46,9747.91,0.109,2.66,10,9,2021-06-21,0,Zlecenie
571,Karolina,Krawczyk,it,Poznan,22,15149.3,0.205,4.11,7,6,2021-10-07,0,B2B
572,Roksana,Krawczyk,sales,Krakow,28,8628.32,0.05,2.5,7,5,2020-12-09,0,Zlecenie
573,Karolina,Kaczmarek,product,Lublin,53,11614.67,0.147,2.59,5,15,2024-07-21,1,Zlecenie
574,Nikodem,Nowak,analytics,Gdansk,52,9524.57,0.218,4.89,4,8,2020-03-12,0,UoP
575,Lukasz,Wisniewski,it,Szczecin,48,13977.12,0.243,2.77,2,4,2022-07-09,0,UoP
576,Ewa,Krawczyk,it,Lublin,55,10680.9,0.093,3.98,6,8,2018-12-23,0,UoP
577,Bartek,Nowak,hr,Krakow,42,11261.94,0.135,2.54,2,19,2019-02-27,0,UoP
578,Celina,Kaczmarek,it,Warszawa,32,15663.04,0.048,4.16,4,9,2019-07-06,0,B2B
579,Hubert,Piotrowski,sales,Lublin,43,10057.43,0.157,3.91,5,7,2024-02-08,1,B2B
580,Roksana,Kowalski,ops,Poznan,44,11402.96,0.017,4.17,1,11,2024-02-13,0,UoP
581,Iga,Kowalski,hr,Wroclaw,27,8501.5,0.054,4.72,5,8,2018-08-12,1,UoP
582,Iga,Zielinski,analytics,Krakow,54,11167.89,0.063,3.47,8,15,2023-05-03,0,UoP
583,Hubert,Wojcik,ops,Krakow,38,10560.42,0.038,4.56,8,20,2020-02-29,1,UoP
584,Daniel,Wisniewski,it,Warszawa,53,12027.41,0.121,3.0,5,11,2022-12-17,1,UoP
585,Marta,Krawczyk,hr,Gdansk,35,14754.72,0.052,2.42,11,10,2021-01-04,0,UoP
586,Jan,Wisniewski,hr,Wroclaw,37,9987.82,0.0,3.05,1,17,2019-09-05,0,UoP
587,Daniel,Nowak,sales,Gdansk,55,11901.83,0.016,2.56,6,4,2023-09-18,0,B2B
588,Bartek,Piotrowski,sales,Szczecin,48,7390.43,0.151,2.74,8,5,2018-03-18,0,Zlecenie
589,Ola,Kowalski,ops,Szczecin,37,13625.63,0.116,2.3,10,14,2021-02-17,0,B2B
590,Celina,Zielinski,finance,Lodz,51,11603.91,0.196,3.99,6,8,2024-12-09,0,UoP
591,Bartek,Kowalski,ops,Lodz,32,9223.87,0.031,2.27,1,2,2022-10-09,0,UoP
592,Marta,Piotrowski,sales,Lodz,33,9396.42,0.096,3.53,9,6,2023-05-09,0,B2B
593,Karolina,Piotrowski,analytics,Lodz,33,6928.9,0.071,4.76,10,0,2023-11-04,0,B2B
594,Gabriela,Nowak,research,Poznan,29,10755.12,0.083,2.82,2,1,2020-11-25,0,UoP
595,Hubert,Grabowska,it,Warszawa,42,11684.06,0.236,3.84,8,1,2023-06-24,0,UoP
596,Patryk,Piotrowski,finance,Lodz,25,11805.38,0.111,2.17,3,2,2020-07-30,1,UoP
597,Roksana,Mazur,hr,Gdansk,43,11587.94,0.153,2.03,2,19,2019-12-24,0,UoP
598,Tomasz,Zielinski,sales,Gdansk,41,10067.65,0.152,4.01,3,9,2023-04-20,0,B2B
599,Ewa,Piotrowski,finance,Lodz,48,12400.99,0.12,4.44,1,16,2020-05-03,0,UoP
600,Filip,Kaczmarek,research,Lublin,53,8285.64,0.143,4.36,6,16,2021-07-19,0,Zlecenie
601,Nikodem,Kowalski,finance,Krakow,39,13244.72,0.097,2.36,2,13,2023-07-31,0,UoP
602,Ewa,Wisniewski,product,Warszawa,56,11384.09,0.171,3.77,9,17,2024-09-27,1,B2B
603,Ola,Wojcik,it,Lublin,54,13997.79,0.045,4.92,3,17,2024-11-13,0,Zlecenie
604,Daniel,Kowalski,ops,Wroclaw,40,10661.07,0.11,3.39,11,13,2018-11-24,1,UoP
605,Nikodem,Piotrowski,it,Lodz,26,13337.3,0.059,4.84,1,9,2023-02-25,1,B2B
606,Tomasz,Krawczyk,research,Lodz,56,11133.6,0.206,2.86,9,3,2019-02-04,0,UoP
607,Jan,Zielinski,hr,Gdansk,58,12579.5,0.072,3.33,6,19,2021-02-06,0,UoP
608,Lukasz,Nowak,research,Szczecin,50,9790.61,0.041,2.29,6,2,2021-01-06,1,B2B
609,Roksana,Wisniewski,analytics,Lodz,38,11827.12,0.055,2.56,6,15,2020-04-27,0,UoP
610,Ola,Zielinski,product,Szczecin,45,12282.73,0.147,4.58,3,13,2022-02-26,0,UoP
611,Wiktoria,Wojcik,product,Poznan,40,12117.25,0.156,4.09,8,16,2023-06-14,0,UoP
612,Ewa,Kaczmarek,ops,Wroclaw,24,11375.02,0.111,2.7,1,11,2022-12-02,0,UoP
613,Nikodem,Kowalski,finance,Krakow,55,15292.57,0.236,3.35,3,7,2021-11-03,0,B2B
614,Marta,Wojcik,it,Warszawa,58,13096.45,0.148,3.69,1,8,2021-12-09,0,UoP
615,Patryk,Wojcik,finance,Szczecin,53,12068.17,0.155,2.35,5,15,2020-09-01,0,B2B
616,Wiktoria,Kaczmarek,ops,Szczecin,50,13132.83,0.136,3.18,6,4,2023-06-11,0,UoP
617,Karolina,Kowalski,product,Lublin,46,11260.78,0.154,4.1,4,12,2018-07-07,0,Zlecenie
618,Szymon,Piotrowski,ops,Szczecin,31,12086.72,0.082,3.6,10,12,2021-04-26,1,UoP
619,Bartek,Nowak,it,Lodz,24,15822.38,0.179,4.4,10,1,2024-01-30,0,B2B
620,Daniel,Krawczyk,ops,Poznan,42,13059.44,0.24,3.43,3,0,2019-03-01,0,B2B
621,Wiktoria,Wisniewski,finance,Warszawa,22,11907.26,0.094,2.57,7,4,2020-02-07,0,B2B
622,Jan,Kaczmarek,research,Lodz,56,8183.2,0.156,2.34,5,15,2018-05-12,0,UoP
623,Tomasz,Wojcik,finance,Szczecin,45,10912.73,0.066,2.01,5,13,2021-08-13,0,B2B
624,Szymon,Piotrowski,research,Poznan,25,10689.7,0.24,3.36,4,20,2021-12-10,0,UoP
625,Karolina,Mazur,research,Krakow,51,9365.2,0.03,2.49,1,10,2021-05-08,0,B2B
626,Roksana,Piotrowski,hr,Szczecin,56,10427.0,0.15,3.78,7,9,2019-06-24,0,B2B
627,Alicja,Zielinski,finance,Lodz,32,12034.06,0.154,4.83,1,10,2020-02-27,1,UoP
628,Gabriela,Kaczmarek,research,Lublin,34,8256.2,0.058,3.73,10,20,2018-07-12,0,UoP
629,Wiktoria,Mazur,hr,Gdansk,46,11138.6,0.21,3.8,4,4,2024-03-12,0,UoP
630,Lukasz,Kowalski,research,Szczecin,24,12258.41,0.209,3.93,1,1,2019-03-28,0,B2B
631,Wiktoria,Kowalski,it,Lodz,53,17368.1,0.005,3.08,1,9,2018-07-11,1,B2B
632,Wiktoria,Grabowska,analytics,Lodz,26,10326.43,0.044,4.29,10,1,2019-10-06,1,B2B
633,Hubert,Krawczyk,analytics,Krakow,54,10044.48,0.115,3.28,10,15,2021-12-12,0,UoP
634,Daniel,Kowalski,research,Poznan,35,12096.57,0.137,2.51,1,2,2023-04-21,1,UoP
635,Wiktoria,Kaczmarek,product,Szczecin,44,14360.21,0.141,4.76,2,2,2021-01-14,0,UoP
636,Celina,Wojcik,product,Szczecin,46,14558.21,0.167,4.61,11,5,2021-03-15,0,Zlecenie
637,Tomasz,Zielinski,sales,Szczecin,56,9678.07,0.103,2.08,10,0,2021-09-23,0,UoP
638,Wiktoria,Kaczmarek,analytics,Gdansk,32,8732.89,0.216,3.03,11,14,2021-11-21,0,UoP
639,Ewa,Kaczmarek,hr,Lodz,54,6932.72,0.099,4.59,8,4,2018-09-04,0,B2B
640,Bartek,Kaczmarek,ops,Lublin,39,12449.18,0.248,4.75,2,8,2019-10-14,0,UoP
641,Bartek,Nowak,finance,Wroclaw,33,12377.54,0.099,3.89,9,5,2024-08-25,1,UoP
642,Iga,Kaczmarek,it,Lodz,32,14108.9,0.032,4.49,3,10,2019-11-06,1,UoP
643,Hubert,Grabowska,sales,Warszawa,49,8937.0,0.167,4.6,7,14,2022-09-24,0,Zlecenie
644,Ola,Mazur,research,Wroclaw,47,11273.89,0.167,2.11,2,0,2022-11-08,0,UoP
645,Lukasz,Wojcik,sales,Wroclaw,53,11287.56,0.099,2.07,4,7,2023-08-16,0,B2B
646,Roksana,Piotrowski,research,Lublin,53,11230.18,0.218,4.71,4,16,2019-01-28,1,UoP
647,Bartek,Zielinski,product,Warszawa,49,20476.39,0.204,4.98,2,1,2019-08-11,0,UoP
648,Iga,Grabowska,finance,Poznan,29,14648.21,0.109,4.0,3,0,2018-09-11,0,UoP
649,Tomasz,Krawczyk,ops,Krakow,39,12891.83,0.06,4.79,9,18,2018-07-15,0,B2B
650,Tomasz,Krawczyk,hr,Szczecin,34,8772.01,0.223,4.19,7,6,2019-08-21,1,UoP
651,Lukasz,Zielinski,research,Lodz,40,9099.07,0.161,3.38,11,6,2020-08-15,0,UoP
652,Celina,Zielinski,hr,Lublin,30,12553.84,0.181,3.17,3,20,2018-08-01,0,UoP
653,Filip,Nowak,analytics,Gdansk,33,7515.62,0.036,2.5,6,10,2018-04-06,0,UoP
654,Ola,Piotrowski,product,Poznan,23,15111.1,0.057,2.33,4,12,2024-10-24,1,UoP
655,Alicja,Wojcik,analytics,Warszawa,37,7090.8,0.22,4.63,3,20,2020-07-26,0,UoP
656,Patryk,Piotrowski,research,Wroclaw,41,8914.81,0.206,2.06,7,6,2022-08-23,0,UoP
657,Tomasz,Kowalski,product,Lodz,46,15287.22,0.201,2.76,9,20,2021-03-05,0,B2B
658,Ewa,Krawczyk,hr,Lodz,24,11909.74,0.038,4.43,2,12,2018-04-02,0,Zlecenie
659,Celina,Nowak,it,Lodz,50,14415.59,0.157,3.7,1,1,2018-02-20,1,Zlecenie
660,Karolina,Piotrowski,ops,Szczecin,31,9815.2,0.134,4.73,11,4,2022-09-24,0,UoP
661,Lukasz,Zielinski,hr,Szczecin,42,13569.68,0.05,3.88,9,17,2018-03-24,0,UoP
662,Bartek,Zielinski,it,Krakow,47,15368.15,0.039,2.35,9,3,2020-09-29,1,Zlecenie
663,Tomasz,Wisniewski,research,Krakow,40,12636.6,0.172,2.5,9,5,2021-09-02,0,B2B
664,Patryk,Mazur,analytics,Szczecin,45,10072.95,0.24,2.34,10,13,2018-01-29,1,UoP
665,Jan,Grabowska,hr,Warszawa,32,11551.98,0.036,2.92,1,10,2023-09-13,1,UoP
666,Szymon,Zielinski,it,Poznan,57,13861.91,0.188,4.07,8,19,2019-04-25,0,UoP
667,Tomasz,Grabowska,finance,Krakow,23,10635.69,0.215,3.72,11,9,2021-04-05,0,B2B
668,Gabriela,Wojcik,hr,Lodz,23,14642.26,0.04,4.46,6,12,2023-05-24,1,UoP
669,Filip,Kaczmarek,research,Lublin,31,6763.25,0.107,2.11,6,17,2018-05-30,0,B2B
670,Tomasz,Mazur,sales,Wroclaw,49,11660.21,0.144,3.38,6,3,2022-03-13,0,UoP
671,Iga,Wojcik,sales,Wroclaw,37,16015.56,0.001,4.1,1,8,2022-03-01,0,UoP
672,Celina,Mazur,hr,Szczecin,34,11056.76,0.034,4.41,5,12,2024-03-04,1,B2B
673,Tomasz,Grabowska,product,Warszawa,27,12372.57,0.204,4.39,1,9,2018-08-21,0,UoP
674,Gabriela,Grabowska,research,Poznan,25,12191.95,0.07,4.82,3,1,2018-11-01,0,B2B
675,Szymon,Mazur,analytics,Lodz,39,9973.27,0.116,4.99,5,18,2018-01-18,1,UoP
676,Jan,Wojcik,finance,Wroclaw,48,14391.81,0.141,2.08,11,17,2021-12-22,0,B2B
677,Marta,Zielinski,sales,Warszawa,30,9459.34,0.012,2.87,10,17,2020-10-28,0,UoP
678,Alicja,Kowalski,research,Krakow,33,11427.54,0.101,2.48,4,9,2019-06-25,0,UoP
679,Ola,Zielinski,product,Warszawa,28,13693.2,0.186,2.34,8,19,2020-09-06,0,B2B
680,Ewa,Wojcik,product,Lublin,49,16020.28,0.239,3.64,10,20,2022-09-20,0,UoP
681,Patryk,Wisniewski,ops,Krakow,29,12423.88,0.232,3.07,5,0,2018-08-07,0,B2B
682,Karolina,Zielinski,product,Szczecin,31,13070.73,0.06,2.21,10,5,2021-11-06,1,UoP
683,Ewa,Wisniewski,ops,Lodz,31,10240.36,0.043,3.64,3,0,2019-12-30,0,UoP
684,Bartek,Kaczmarek,ops,Krakow,38,11372.65,0.089,4.16,3,4,2022-11-06,0,B2B
685,Celina,Kowalski,analytics,Wroclaw,42,9743.23,0.187,3.71,9,3,2022-02-11,0,UoP
686,Ola,Krawczyk,research,Lodz,36,9144.27,0.101,4.55,6,10,2019-07-20,1,UoP
687,Marta,Wisniewski,finance,Krakow,37,11075.34,0.228,2.17,9,3,2023-07-03,0,B2B
688,Wiktoria,Wisniewski,hr,Szczecin,30,12495.61,0.191,2.79,10,19,2022-04-22,1,B2B
689,Tomasz,Wojcik,it,Gdansk,43,15249.23,0.246,2.46,7,20,2023-09-11,1,UoP
690,Jan,Wojcik,product,Krakow,23,13921.75,0.071,4.12,5,16,2021-09-22,0,UoP
691,Karolina,Kaczmarek,ops,Gdansk,52,12268.7,0.15,4.93,10,2,2021-04-07,0,UoP
692,Nikodem,Wojcik,ops,Lodz,54,13321.49,0.094,2.26,8,10,2024-02-12,0,B2B
693,Ola,Krawczyk,ops,Poznan,27,10197.99,0.218,2.59,1,4,2022-02-23,1,UoP
694,Filip,Krawczyk,sales,Lodz,36,8727.3,0.165,4.55,1,12,2020-05-19,0,B2B
695,Alicja,Mazur,hr,Lublin,30,13924.88,0.181,3.21,1,8,2021-12-05,0,Zlecenie
696,Alicja,Mazur,hr,Gdansk,55,9535.34,0.039,2.25,2,0,2018-10-17,0,Zlecenie
697,Szymon,Grabowska,ops,Warszawa,43,11872.27,0.164,4.39,10,3,2018-08-19,1,B2B
698,Gabriela,Wojcik,analytics,Lodz,48,10737.17,0.228,3.61,7,4,2018-08-20,0,B2B
699,Wiktoria,Wojcik,research,Poznan,35,9374.7,0.194,3.39,11,19,2024-03-11,0,UoP
700,Gabriela,Nowak,ops,Lodz,45,10515.37,0.064,2.45,5,18,2022-07-16,0,UoP
